"",I_113752,I_701137,I_864367,I_1200958,I_1549567,I_1978813,I_3269897,I_3410849,I_7571188,I_7660120,I_7974500,I_8727486,I_8872314,I_8946502,I_9237828,I_10709796,I_11427739,I_11437609,I_11650160,I_11663216,I_11986351,I_12166146,I_12234807,I_12483916,I_12483923,I_14900511,II_86562,II_1342222,II_1467080,II_1503018,II_2102592,II_3310965,II_3777058,II_3822836,II_7659435,II_8344341,II_10065553,II_10198181,II_10509770,II_11172345,II_11438915,II_11479230,II_12401154,II_12772511,II_13239948,II_15168946,III_6210,III_335838,III_963559,III_1243559,III_1618073,III_1618081,III_2552806,III_3771123,III_4424656,III_4618349,III_4674547,III_4900887,III_5855969,III_6926027,III_7228580,III_7620901,III_8144839,III_8239503,III_8978025,III_9819058,III_10503212,III_10503215,III_10848212,III_10848213,III_10848216,III_10848221,III_10992182,III_11064860,III_11485833,III_11569397,III_11992988,III_12523674,III_12579079,III_12776645,III_12995844,III_13394314,IV_280685,IV_360680,IV_1072423,IV_1725375,IV_1742939,IV_2050979,IV_2692904,IV_3121162,IV_4960126,IV_9051534,IV_9450111,IV_9976605,IV_10848912,IV_11673421,IV_11795712,IV_13197234,IV_13266587,IV_15952877,IV_16161225,IV_17386811,V_271202,V_443590,V_1692282,V_1692283,V_1692290,V_1692291,V_1692293,V_1692299,V_1692301,V_1725261,V_3220355,V_3586235,V_3726906,V_4369445,V_4817310,V_5628653,V_5675365,V_6048571,V_8637963,V_8907446,V_9129104,V_10201575,V_10259687,V_11057795,V_11543435,V_12402917,V_13163014,V_14926027,V_15052530,V_16118103,V_17032498,V_17040255,V_17053792,V_18820919,V_20128792,X_102159,X_442090,X_2150836,X_2523160,X_2711382,X_3014639,X_3348199,X_3521877,X_4982938,X_5070040,X_6587421,X_8057925,X_9443594,X_9617370,X_10196480,X_10396785,X_10438375,X_10567235,X_10924139,X_11700917,X_13191729,X_13250092,X_13338468,X_13782378,X_13949638,X_14262803,X_14299711,X_15521295,X_15917137,X_16641070,X_16696017,X_17185917
I_113752,,224,306,79,133,299,183,265,337,322,342,289,329,268,223,306,180,156,325,153,336,349,193,266,268,319,131,250,299,325,274,228,310,282,277,313,132,291,247,201,346,274,144,104,306,325,241,180,261,292,274,274,272,335,320,329,339,289,320,264,327,255,290,322,302,336,188,162,327,327,304,326,296,244,124,108,289,173,335,151,295,318,116,334,306,295,139,208,73,294,332,291,312,314,305,310,316,337,276,202,321,288,290,152,320,210,316,319,319,332,326,169,53,194,125,227,141,222,238,335,302,321,317,349,325,200,282,338,229,243,207,325,340,80,336,252,249,98,209,132,265,305,149,168,335,282,311,292,335,309,292,323,99,223,336,323,315,337,306,185,284,300,291,241,94,337,302,273,140
I_701137,,,218,60,87,204,137,192,243,230,246,213,242,196,170,218,136,122,237,118,236,249,129,189,192,230,95,188,218,234,203,166,227,202,208,220,96,217,165,151,241,198,113,83,222,233,182,141,195,215,206,206,195,230,232,242,245,212,225,190,235,193,210,231,220,235,149,123,240,242,228,241,214,174,98,81,218,123,232,109,213,232,79,239,228,213,106,143,59,208,233,219,216,226,219,226,232,253,201,145,223,216,217,112,229,141,226,228,228,236,233,128,42,135,98,151,102,171,167,239,221,238,232,245,228,164,217,238,173,167,152,235,243,60,239,187,181,68,160,86,192,234,119,121,239,207,237,213,238,216,220,239,67,161,241,235,226,234,221,134,212,221,206,178,64,238,218,209,93
I_864367,,,,84,131,305,184,266,339,325,338,292,324,269,223,304,180,162,334,155,339,349,185,268,271,323,145,259,296,325,290,230,310,280,288,319,132,303,249,197,347,268,142,103,318,322,249,181,265,298,290,290,270,331,315,334,335,288,322,264,328,268,290,324,304,340,187,156,332,335,316,332,291,243,123,118,297,170,337,152,301,316,127,337,301,297,139,200,66,295,336,287,299,320,303,313,323,349,277,206,328,292,294,153,321,207,316,322,322,331,326,178,46,201,123,227,137,222,236,338,288,329,318,353,330,194,292,337,235,253,204,334,343,79,335,246,246,94,216,129,269,311,153,171,335,287,315,287,338,302,297,325,98,219,339,325,317,340,308,188,294,295,294,239,89,329,305,282,132
I_1200958,,,,,36,79,62,70,90,88,89,86,87,80,72,88,59,46,90,48,96,94,55,78,79,86,38,71,88,88,78,59,87,73,78,87,35,82,73,65,93,71,46,34,86,90,60,52,74,78,87,87,78,95,90,95,97,78,90,82,92,84,78,92,83,95,55,49,92,93,85,92,83,72,38,30,77,41,96,45,78,90,43,92,91,82,36,61,24,85,92,88,88,82,87,86,88,93,78,55,87,85,86,43,92,63,91,91,91,92,92,39,13,59,29,65,40,66,69,96,88,88,93,96,90,56,83,88,65,67,61,96,92,23,98,70,75,22,62,33,78,93,48,46,91,83,85,81,95,81,86,95,33,54,95,94,90,95,82,55,82,83,72,74,26,96,85,77,36
I_1549567,,,,,,131,81,109,148,140,153,129,142,122,98,130,73,74,147,82,146,146,76,116,117,138,53,108,128,141,120,96,132,123,125,137,59,129,103,86,152,125,62,43,137,134,108,77,109,130,121,121,117,146,138,142,145,123,138,112,141,112,130,143,127,145,90,77,140,139,131,140,130,106,52,45,130,71,143,60,128,134,57,142,128,130,67,95,31,131,142,128,130,141,120,139,137,151,127,84,142,124,126,72,131,86,128,130,128,136,131,68,22,75,60,91,56,100,106,147,133,151,138,151,141,92,123,145,102,102,88,140,148,35,143,116,108,41,85,58,123,137,67,80,143,122,135,133,146,129,131,140,44,90,149,143,133,150,136,79,135,129,118,102,40,147,138,109,53
I_1978813,,,,,,,179,268,332,314,336,291,322,283,219,300,186,160,324,152,338,349,197,252,255,323,133,254,287,318,282,224,305,292,287,308,132,290,239,205,345,265,143,100,313,317,241,173,260,290,283,283,263,323,319,327,333,285,313,262,320,261,289,316,302,338,180,154,335,336,314,333,292,241,118,112,293,160,327,140,296,315,128,328,305,293,133,197,69,284,333,283,302,315,297,318,313,342,275,193,320,279,289,139,315,204,310,314,313,326,318,167,45,189,123,217,130,215,226,335,300,324,311,353,328,201,288,334,227,234,205,325,342,75,333,248,236,99,214,127,267,308,150,182,332,277,307,291,332,299,293,318,101,217,333,324,312,334,303,180,293,297,288,245,97,333,308,265,136
I_3269897,,,,,,,,159,208,193,208,180,201,169,147,186,120,99,199,104,201,211,112,170,172,201,82,162,180,197,171,133,190,166,180,189,89,181,143,126,206,169,98,68,187,193,143,120,169,189,173,173,170,195,190,199,205,170,196,164,202,157,176,190,182,207,130,104,201,201,185,203,184,153,80,69,176,100,198,98,182,196,69,207,184,183,94,122,51,180,203,183,178,193,178,192,194,206,177,122,196,182,182,89,201,136,197,199,199,205,203,96,32,120,83,139,96,138,147,209,178,202,195,202,196,128,184,195,138,145,135,201,204,51,203,164,151,55,134,83,161,198,86,97,200,169,193,183,209,189,182,203,57,124,204,203,196,205,190,117,182,188,172,154,62,196,183,169,80
I_3410849,,,,,,,,,295,276,301,253,287,232,194,271,156,140,287,134,293,296,164,228,231,282,124,234,257,283,248,197,267,246,249,266,117,253,210,172,302,230,125,91,273,283,217,156,222,255,253,253,236,293,276,293,296,262,273,234,282,229,246,280,262,289,160,141,285,286,270,284,258,213,110,97,255,138,285,136,262,276,104,295,267,254,118,178,59,255,291,250,266,278,263,277,281,293,242,177,275,253,252,131,278,179,275,278,278,286,282,150,46,180,113,183,126,196,202,298,264,285,277,307,285,181,244,291,203,206,187,284,304,70,300,213,211,82,190,119,239,268,135,159,288,251,273,259,289,260,253,280,82,177,288,289,276,292,268,163,254,259,252,211,81,288,265,237,111
I_7571188,,,,,,,,,,366,381,326,365,306,256,338,203,180,363,171,370,390,208,305,308,363,154,294,335,364,327,253,343,321,327,348,149,329,271,225,392,300,159,118,348,361,277,197,296,324,314,314,303,373,353,372,379,328,354,298,358,291,325,355,339,383,212,178,368,369,345,368,338,275,135,128,334,185,370,154,344,353,136,376,347,332,155,229,85,329,374,325,343,359,338,351,361,386,312,223,364,323,333,167,358,240,353,357,358,370,365,197,60,222,138,244,156,250,262,382,332,366,358,393,361,225,323,379,262,272,227,374,388,95,382,278,279,109,235,151,297,353,171,197,379,320,356,325,381,334,336,360,113,240,376,371,350,384,341,198,332,343,332,280,107,369,342,309,144
I_7660120,,,,,,,,,,,367,305,353,293,236,315,195,166,348,159,354,364,196,282,284,340,136,265,312,340,300,245,321,307,304,339,142,312,261,210,370,280,159,108,328,336,263,181,284,315,295,295,287,351,333,353,359,307,337,285,344,284,306,341,315,357,196,165,343,345,323,343,316,253,124,122,305,175,350,153,318,339,127,355,321,312,145,209,79,312,355,308,319,332,322,335,338,364,296,209,343,300,319,161,336,221,328,333,333,346,340,178,52,211,128,230,152,242,242,359,315,342,331,370,345,212,304,354,241,263,217,347,361,90,354,261,260,96,218,138,271,325,160,185,353,305,336,311,357,320,317,342,110,226,354,345,327,359,316,192,307,317,307,263,101,348,317,286,133
I_7974500,,,,,,,,,,,,327,373,303,247,339,202,178,377,170,369,392,214,297,300,359,154,292,335,370,318,251,349,319,327,352,151,331,279,226,387,295,160,120,346,363,277,205,294,334,316,316,303,374,354,376,383,323,355,297,363,299,330,357,338,379,211,178,365,368,343,366,333,271,131,122,331,187,373,157,343,356,137,385,340,331,153,225,78,330,376,323,342,361,336,357,359,388,310,230,367,320,329,172,358,229,352,358,357,371,364,200,57,216,147,248,154,256,266,382,337,373,355,395,369,227,316,375,258,277,233,371,390,93,382,277,274,112,233,153,305,350,170,201,375,319,354,327,377,340,335,370,109,240,380,366,352,381,346,214,334,337,322,284,102,370,345,303,149
I_8727486,,,,,,,,,,,,,310,263,213,284,170,149,316,145,317,332,188,257,260,313,126,247,290,312,271,222,295,272,276,298,130,290,228,196,337,263,143,106,296,309,239,170,248,281,273,273,260,320,303,316,325,277,312,265,310,256,281,308,292,321,183,154,311,312,293,309,286,236,121,109,284,157,320,143,293,305,117,323,293,280,135,190,74,281,315,278,297,303,286,298,308,325,273,185,310,274,282,136,303,199,298,303,302,313,308,169,49,179,121,214,128,219,223,320,290,319,299,331,310,199,282,316,212,235,197,319,324,82,327,242,241,89,202,136,254,293,143,166,316,277,300,282,321,290,278,307,101,209,331,315,304,321,299,183,290,285,273,245,95,319,290,264,122
I_8872314,,,,,,,,,,,,,,297,246,321,197,176,352,168,359,374,206,285,288,344,149,277,324,350,304,239,335,306,313,339,142,315,258,220,375,287,152,111,338,352,267,186,284,316,300,300,293,360,345,362,368,318,340,284,341,285,316,349,319,358,208,173,358,360,334,359,314,266,130,123,325,172,363,159,330,341,132,360,330,327,150,215,78,318,364,315,331,341,330,338,347,370,296,217,351,311,317,169,349,227,341,344,343,355,351,182,58,209,137,239,153,246,250,369,329,354,336,377,348,220,314,364,251,262,221,350,365,87,366,272,266,102,228,141,285,331,165,190,360,303,331,319,367,322,314,344,110,235,362,358,338,367,329,204,322,320,312,268,101,365,333,291,147
I_8946502,,,,,,,,,,,,,,,202,269,175,140,296,139,304,312,174,237,240,292,120,228,265,293,256,206,273,252,262,283,124,270,217,184,312,245,143,106,282,291,229,156,235,268,256,256,244,299,296,300,308,263,288,239,296,240,262,290,269,307,170,141,294,294,279,294,263,220,113,102,263,146,294,131,274,285,114,304,281,266,126,181,72,273,305,260,276,286,266,284,286,312,250,176,289,257,275,130,289,193,283,287,286,299,295,154,45,176,116,195,133,198,214,307,269,291,293,314,294,183,263,308,214,223,195,294,320,73,299,230,229,84,200,107,247,285,134,154,300,261,277,265,303,274,276,294,90,194,299,299,290,318,280,168,264,267,261,219,85,303,281,253,119
I_9237828,,,,,,,,,,,,,,,,213,133,115,249,123,249,255,141,199,199,238,99,196,222,238,207,177,235,216,217,239,110,223,184,153,259,188,111,77,235,240,181,129,194,222,206,206,201,250,243,253,257,219,239,198,240,195,216,238,226,241,153,124,240,241,230,242,225,186,103,85,221,117,254,110,228,233,90,249,228,222,103,153,58,219,248,228,221,239,232,235,238,262,207,153,241,216,225,111,247,170,241,244,247,250,248,132,38,137,90,176,111,177,187,254,228,235,241,263,232,153,222,249,172,176,163,245,255,62,250,190,176,73,167,97,207,242,112,135,248,211,224,216,249,227,217,235,73,150,242,250,234,260,230,138,229,220,208,190,72,250,227,202,103
I_10709796,,,,,,,,,,,,,,,,,181,168,326,153,335,341,190,267,269,319,131,256,294,323,286,233,309,290,289,309,133,295,247,198,341,262,154,105,315,323,244,172,264,288,288,288,272,331,311,328,337,288,312,261,324,270,284,314,296,337,200,168,326,328,304,326,292,243,128,114,300,169,332,138,300,315,127,336,306,288,141,202,71,292,336,291,303,316,302,316,320,341,272,195,320,284,292,153,316,212,308,314,314,326,318,164,51,202,133,223,139,222,229,331,289,332,317,347,332,201,281,331,229,245,206,329,336,75,332,249,239,96,209,127,265,308,152,176,328,276,313,294,335,303,289,322,92,217,333,325,311,332,301,188,294,302,295,247,92,328,298,273,128
I_11427739,,,,,,,,,,,,,,,,,,101,193,107,201,204,117,161,164,191,78,158,183,198,170,140,191,167,180,186,85,180,145,119,209,165,105,67,189,192,149,118,169,173,178,178,177,203,192,200,201,182,185,173,192,169,170,190,177,209,116,96,196,196,184,197,187,155,82,78,178,93,196,92,182,196,77,205,191,180,89,126,44,182,198,177,188,193,187,188,191,198,171,113,195,169,185,86,186,135,182,184,185,191,190,94,37,113,76,132,82,140,153,197,175,198,196,205,203,130,173,191,141,155,124,200,201,50,199,162,149,55,134,73,153,191,85,97,197,175,189,174,196,188,178,193,55,133,200,198,193,204,180,111,178,180,166,150,55,202,190,167,74
I_11437609,,,,,,,,,,,,,,,,,,,170,96,171,182,107,140,142,169,66,142,165,173,152,126,161,145,158,172,66,152,122,108,181,145,73,62,166,171,137,96,143,160,152,152,151,169,165,171,180,151,167,146,173,144,155,169,160,176,108,93,176,177,165,177,165,129,65,65,153,84,174,86,170,167,71,169,169,153,84,121,38,159,171,153,165,170,162,171,163,178,152,100,178,149,158,79,169,114,168,170,169,174,173,92,31,109,68,117,80,118,130,178,157,176,171,178,173,105,147,171,126,125,102,175,177,41,175,132,129,53,114,66,145,174,82,90,177,149,167,160,178,160,158,173,42,107,179,179,177,176,166,105,157,166,163,128,39,176,158,144,67
I_11650160,,,,,,,,,,,,,,,,,,,,168,359,371,202,285,287,349,155,282,319,357,308,243,331,304,316,341,145,326,263,215,374,285,161,116,340,350,269,190,287,314,314,314,297,361,347,364,368,311,348,290,358,290,320,345,333,363,210,174,352,354,334,351,318,264,133,123,313,174,359,157,326,346,131,364,332,320,149,213,83,324,362,314,328,350,327,344,348,373,304,223,349,313,326,168,349,235,344,348,350,363,355,192,50,211,149,244,158,240,252,365,322,365,346,380,351,218,313,363,251,266,228,356,370,89,363,271,262,108,229,141,293,338,157,182,356,311,341,314,371,331,319,351,108,225,362,356,347,364,335,208,323,328,306,266,104,363,331,295,148
I_11663216,,,,,,,,,,,,,,,,,,,,,170,174,104,138,141,164,62,138,156,167,147,117,155,142,147,161,57,157,128,113,175,142,83,58,158,168,131,106,135,147,154,154,145,173,161,158,170,149,162,142,164,143,145,165,154,175,103,83,168,170,159,170,157,122,72,58,144,81,168,72,155,165,67,170,161,149,84,110,34,150,167,146,154,167,155,161,161,174,142,100,168,144,144,78,167,121,164,165,168,170,168,89,28,99,62,112,75,118,123,164,154,168,164,173,165,114,153,171,122,125,104,168,171,47,166,129,128,48,111,63,138,159,72,83,163,148,163,150,162,164,150,168,44,109,172,167,153,167,159,98,149,151,137,132,47,171,148,143,72
I_11986351,,,,,,,,,,,,,,,,,,,,,,381,215,289,291,356,145,281,326,354,314,251,344,314,319,344,156,327,272,230,377,290,158,119,349,353,266,185,290,320,316,316,295,366,349,367,369,318,344,294,357,289,314,355,325,369,204,172,357,359,340,359,322,268,132,127,320,188,368,158,329,354,133,370,339,326,151,224,81,322,369,317,339,351,335,353,347,379,304,223,348,314,328,166,355,238,352,355,355,366,360,186,56,216,140,243,153,244,257,376,324,362,353,389,361,225,321,369,249,269,229,360,377,90,367,277,269,105,233,143,294,342,170,189,369,309,345,325,375,329,329,355,112,233,369,360,349,378,337,210,325,331,310,269,102,370,338,295,147
I_12166146,,,,,,,,,,,,,,,,,,,,,,,219,299,302,369,152,294,338,372,318,259,347,319,331,353,153,335,279,229,394,300,156,119,351,368,281,200,301,333,325,325,310,375,359,378,385,320,359,294,367,299,331,363,343,379,208,177,368,371,350,370,337,274,136,127,334,191,378,160,338,356,134,385,342,335,162,232,83,327,383,323,345,359,345,349,361,393,310,233,362,327,334,170,367,239,364,368,369,383,378,195,57,224,141,256,150,257,261,381,335,370,368,401,368,222,328,381,260,273,243,374,387,91,386,288,278,111,238,153,305,351,174,196,380,320,353,329,383,344,335,367,119,243,380,371,358,390,344,214,337,345,327,285,107,380,346,313,147
I_12234807,,,,,,,,,,,,,,,,,,,,,,,,171,174,198,82,165,195,201,178,149,196,173,193,201,91,189,160,125,221,160,82,64,196,204,151,103,162,176,175,175,161,212,199,207,217,184,198,167,202,163,178,198,192,207,120,104,203,205,190,203,185,146,75,66,190,111,205,92,190,198,83,210,196,187,91,128,46,179,213,183,197,196,191,201,197,212,176,120,201,179,184,100,204,137,199,202,202,210,203,108,31,122,80,142,91,144,153,217,193,204,201,222,208,133,183,211,136,150,120,204,215,49,217,155,142,67,130,82,166,195,86,104,211,172,187,172,208,191,188,200,64,127,213,215,197,216,189,123,183,180,174,157,55,211,188,167,89
I_12483916,,,,,,,,,,,,,,,,,,,,,,,,,332,276,108,230,262,284,257,207,271,242,259,273,120,258,214,173,300,236,133,92,272,278,218,157,228,255,253,253,241,291,279,291,297,250,283,233,283,233,256,274,259,298,175,148,285,287,266,283,256,212,110,100,264,135,287,123,260,280,106,290,266,262,124,176,67,255,300,253,264,278,268,277,273,299,244,174,279,253,261,127,280,186,274,279,279,286,285,154,51,174,120,188,126,205,214,290,257,289,282,301,280,188,256,288,209,219,180,291,297,72,295,224,219,82,180,107,229,278,128,157,290,249,278,255,288,258,258,276,81,187,292,286,279,287,277,157,256,257,246,218,79,282,262,238,108
I_12483923,,,,,,,,,,,,,,,,,,,,,,,,,,279,109,233,265,287,260,209,274,245,261,276,120,260,217,175,303,238,134,94,275,281,220,159,231,257,256,256,244,294,282,293,299,251,286,236,286,236,259,276,262,301,175,148,288,290,269,286,259,214,110,101,266,137,290,125,263,283,108,293,269,265,126,177,67,258,303,256,266,280,269,280,276,302,246,176,282,255,263,128,283,188,277,282,282,289,287,155,51,175,120,190,127,208,216,292,260,292,285,303,283,190,259,290,212,221,181,293,300,72,298,226,222,85,182,108,232,280,130,158,293,252,281,257,290,261,261,279,82,187,295,288,282,290,280,158,258,259,249,221,79,285,265,241,109
I_14900511,,,,,,,,,,,,,,,,,,,,,,,,,,,137,277,313,345,306,234,324,302,310,332,142,320,259,215,368,287,153,114,333,343,264,188,272,308,306,306,289,354,343,358,356,305,334,280,345,280,310,337,319,359,202,168,341,344,324,342,315,259,131,119,309,171,353,152,317,336,128,358,326,311,147,214,76,314,354,307,319,340,317,330,338,366,303,221,347,298,315,155,340,226,337,340,339,352,345,189,56,206,134,238,150,238,254,361,314,349,337,372,346,218,296,361,242,264,221,350,366,82,355,270,260,105,223,140,283,330,162,194,361,302,334,313,358,325,316,342,106,229,358,351,334,359,328,195,314,322,309,264,104,357,325,295,133
II_86562,,,,,,,,,,,,,,,,,,,,,,,,,,,,111,125,143,123,95,141,131,126,139,60,132,119,82,160,107,60,42,130,142,115,72,109,126,134,134,115,143,145,149,151,124,144,113,144,104,126,135,129,150,80,71,151,152,141,152,126,109,48,49,129,73,159,64,136,145,57,148,131,133,53,87,32,123,147,125,135,139,131,145,151,159,121,103,144,133,131,74,147,91,146,149,151,157,157,75,17,93,54,100,57,88,102,147,136,146,140,160,145,77,134,146,112,106,93,149,159,35,153,111,107,43,97,61,127,142,63,73,153,131,139,126,151,138,139,144,38,91,152,140,144,157,135,93,137,135,127,103,38,155,138,123,62
II_1342222,,,,,,,,,,,,,,,,,,,,,,,,,,,,,247,279,248,201,259,239,249,264,114,256,201,170,291,227,118,97,263,272,207,147,222,244,240,240,231,285,270,282,285,249,274,223,276,225,246,269,258,287,156,132,271,272,258,272,254,208,99,95,247,138,284,124,255,266,114,294,264,243,124,175,51,252,281,251,263,281,254,272,270,293,235,178,270,250,250,117,269,179,265,266,268,276,271,145,42,167,103,193,122,191,202,291,256,287,270,301,273,167,238,287,199,215,170,274,291,70,279,213,211,76,182,119,234,268,128,148,278,239,268,247,291,257,245,277,90,178,284,286,259,286,259,164,251,258,242,210,80,279,264,233,110
II_1467080,,,,,,,,,,,,,,,,,,,,,,,,,,,,,,315,276,221,307,278,285,308,129,290,237,199,336,258,145,105,308,313,245,168,265,285,288,288,272,325,310,330,335,284,316,276,311,258,283,317,294,327,186,156,320,322,298,321,292,242,118,108,290,165,329,154,297,312,120,332,298,284,138,195,71,295,323,289,299,315,292,302,312,332,270,195,318,288,294,151,312,206,310,313,312,326,320,176,49,194,129,212,146,225,235,332,296,326,316,338,319,207,285,334,226,236,213,321,340,76,328,253,238,90,208,132,258,308,149,163,329,278,307,287,333,299,286,318,97,204,329,322,313,332,303,178,291,285,279,238,91,323,291,262,115
II_1503018,,,,,,,,,,,,,,,,,,,,,,,,,,,,,,,300,242,328,305,308,331,143,317,257,211,379,284,150,119,336,343,270,188,278,310,300,300,292,351,344,355,366,310,337,276,351,285,313,342,324,358,204,173,345,347,328,348,313,263,132,123,318,179,357,153,319,336,132,364,330,318,149,222,76,313,360,310,328,343,327,339,345,366,298,214,343,313,318,167,342,225,337,340,341,352,348,180,54,210,136,236,153,240,254,359,315,353,343,373,342,214,313,357,249,264,218,358,365,91,359,270,263,104,230,141,293,339,159,185,356,304,339,307,358,319,325,346,106,225,361,349,338,357,330,200,312,318,307,266,97,356,322,298,134
II_2102592,,,,,,,,,,,,,,,,,,,,,,,,,,,,,,,,225,290,265,272,295,126,270,225,200,320,255,135,99,290,297,232,171,236,274,268,268,259,312,298,312,314,280,290,252,299,248,277,303,279,321,178,148,308,311,294,309,278,235,112,110,271,157,301,136,282,293,120,313,288,276,130,189,67,274,309,269,285,300,277,302,301,319,261,182,302,268,274,135,286,192,283,286,288,297,294,155,50,187,123,202,130,217,219,311,279,305,302,326,307,193,267,309,207,226,197,303,314,80,309,236,233,88,206,120,248,290,143,160,309,272,298,267,313,285,277,301,102,204,314,306,290,316,289,179,276,282,268,232,92,307,283,260,119
II_3310965,,,,,,,,,,,,,,,,,,,,,,,,,,,,,,,,,236,211,224,235,101,221,187,147,256,194,107,76,236,246,193,131,194,223,214,214,209,247,242,242,256,225,237,202,239,202,213,236,227,251,141,120,238,239,223,238,229,181,86,84,224,127,244,110,227,236,97,245,224,220,112,151,56,224,243,216,233,234,221,237,234,258,206,138,240,217,217,109,235,152,232,234,236,247,240,129,39,148,100,159,108,166,174,245,220,243,238,257,238,158,224,239,165,183,151,242,253,60,249,189,195,64,162,91,198,231,111,124,250,216,235,220,249,225,220,239,69,156,245,244,233,252,235,130,219,212,210,189,70,248,220,205,102
II_3777058,,,,,,,,,,,,,,,,,,,,,,,,,,,,,,,,,,285,296,318,139,302,250,204,350,270,147,105,321,326,255,185,271,294,289,289,279,335,322,342,340,293,320,271,325,273,294,323,302,341,202,173,331,333,314,331,293,257,125,119,303,163,338,150,307,321,127,343,306,305,132,206,76,296,337,301,313,324,302,318,322,350,285,196,329,291,291,155,332,213,326,331,329,342,335,175,52,200,135,229,141,232,243,341,306,338,329,355,332,201,298,337,231,248,212,334,353,82,347,257,242,97,222,128,271,309,150,175,342,291,318,293,341,314,294,327,95,223,336,335,318,347,318,184,297,301,287,253,93,342,314,264,132
II_3822836,,,,,,,,,,,,,,,,,,,,,,,,,,,,,,,,,,,274,293,128,282,226,187,328,246,135,98,292,296,229,157,258,275,266,266,250,302,300,312,315,274,301,241,300,244,269,303,283,317,172,148,308,309,290,307,275,217,117,107,280,156,317,125,277,297,102,315,281,281,129,187,69,274,313,265,284,298,275,301,305,325,251,182,305,262,277,135,292,185,285,291,291,304,298,162,51,176,115,208,125,197,216,321,283,302,296,331,304,187,272,315,218,220,190,303,328,77,317,233,227,91,199,122,246,294,147,164,312,273,293,275,319,279,270,302,95,200,316,307,301,318,290,183,284,286,267,227,89,316,282,262,127
II_7659435,,,,,,,,,,,,,,,,,,,,,,,,,,,,,,,,,,,,304,133,289,229,193,327,256,139,106,301,313,235,175,261,287,272,272,259,316,307,319,327,278,306,265,309,252,279,299,288,321,180,153,311,313,294,315,283,238,121,113,286,159,317,140,283,302,115,321,299,278,127,196,70,277,314,279,292,306,280,304,312,324,265,195,300,270,277,143,303,204,300,303,302,315,310,170,46,190,130,214,135,213,224,320,286,312,313,332,313,200,275,314,223,231,190,311,327,80,323,240,233,94,203,130,253,300,147,168,321,265,292,278,325,295,288,309,93,203,324,321,300,328,296,191,286,287,278,238,91,317,292,258,122
II_8344341,,,,,,,,,,,,,,,,,,,,,,,,,,,,,,,,,,,,,135,311,258,207,357,278,151,110,321,338,250,185,276,301,292,292,288,338,330,342,349,295,329,278,336,271,303,331,310,346,193,162,341,343,321,343,306,257,129,121,308,166,343,153,313,325,130,340,313,301,149,207,74,305,346,299,317,325,315,328,335,350,297,206,334,300,305,165,330,210,323,329,328,341,335,169,50,197,130,230,154,222,244,343,309,338,330,362,339,206,293,348,242,252,212,335,355,89,345,262,254,97,227,132,274,318,154,181,345,297,315,301,352,317,315,334,100,214,350,342,321,351,316,185,308,309,294,252,98,341,309,278,128
II_10065553,,,,,,,,,,,,,,,,,,,,,,,,,,,,,,,,,,,,,,137,102,99,150,118,61,45,135,140,110,67,119,123,122,122,117,148,140,146,144,131,145,116,148,118,128,137,135,150,82,74,142,143,138,144,126,108,57,53,121,76,150,75,129,136,51,153,141,132,58,87,29,132,153,134,130,135,134,144,138,147,122,97,138,129,133,66,143,87,143,145,143,152,150,81,29,84,54,103,61,104,103,151,134,145,141,156,142,88,124,142,100,112,89,152,147,39,151,121,101,37,94,54,117,142,63,81,151,111,133,130,150,127,134,143,41,88,149,148,145,141,135,80,131,132,124,105,33,145,133,122,48
II_10198181,,,,,,,,,,,,,,,,,,,,,,,,,,,,,,,,,,,,,,,239,193,339,259,135,103,311,312,244,173,256,283,283,283,261,322,314,328,332,280,312,268,320,257,278,306,296,331,191,162,317,319,300,319,280,234,118,105,283,165,324,149,287,307,122,328,294,284,142,185,74,286,320,284,294,307,297,298,316,336,275,199,316,278,288,144,310,212,307,310,310,324,318,163,46,182,131,230,135,224,232,330,298,323,308,333,314,205,286,324,223,243,196,324,330,80,322,242,247,89,210,125,255,308,148,169,332,280,306,282,319,295,292,319,92,211,327,324,301,328,294,186,295,288,278,237,93,326,297,266,132
II_10509770,,,,,,,,,,,,,,,,,,,,,,,,,,,,,,,,,,,,,,,,163,277,214,111,93,245,265,188,134,210,238,226,226,212,268,254,267,271,220,254,212,265,217,230,260,239,269,145,124,267,268,249,266,240,198,102,94,238,139,267,115,243,257,104,269,240,233,113,157,54,235,266,221,242,251,244,255,262,275,219,165,256,222,235,125,256,166,250,254,257,271,264,142,40,157,105,180,110,179,191,272,234,268,257,285,265,170,232,268,190,199,164,268,279,61,267,192,198,71,156,99,214,251,118,135,273,237,257,238,277,250,235,259,73,161,269,261,248,275,250,138,243,237,227,200,72,264,245,212,104
II_11172345,,,,,,,,,,,,,,,,,,,,,,,,,,,,,,,,,,,,,,,,,225,183,90,75,202,219,162,113,174,189,193,193,183,217,210,222,220,193,208,186,212,179,193,214,199,222,123,109,219,220,206,219,191,172,79,73,192,104,218,105,206,213,81,217,207,202,100,134,53,195,222,192,203,211,203,212,206,227,187,140,208,193,194,92,211,138,210,211,210,219,216,101,32,132,86,150,97,157,158,228,196,215,211,235,225,143,192,216,149,152,132,218,214,52,223,176,164,62,141,84,173,218,98,108,225,198,216,204,220,201,198,222,66,146,225,215,214,218,206,126,197,198,196,163,63,224,202,191,88
II_11438915,,,,,,,,,,,,,,,,,,,,,,,,,,,,,,,,,,,,,,,,,,305,167,118,356,363,277,197,292,330,321,321,306,373,361,377,387,334,365,299,368,303,329,366,343,382,214,178,371,373,351,370,338,273,137,126,337,185,384,166,343,369,140,382,347,339,160,228,80,334,383,327,352,359,341,360,364,394,321,236,371,332,333,172,363,240,357,362,362,377,371,196,54,224,146,259,160,257,260,386,340,370,361,401,372,233,330,386,259,278,238,374,395,96,385,284,278,108,237,153,305,353,167,200,386,324,355,330,382,342,338,369,116,238,381,374,358,394,349,210,339,344,327,280,105,381,354,304,155
II_11479230,,,,,,,,,,,,,,,,,,,,,,,,,,,,,,,,,,,,,,,,,,,132,96,274,283,221,157,234,258,249,249,239,287,284,288,299,255,278,239,288,235,256,286,260,297,175,142,284,286,268,285,263,222,115,99,261,143,287,133,265,280,115,298,267,252,129,172,67,262,294,247,267,280,264,275,270,302,261,178,285,254,260,137,278,177,272,278,277,285,278,149,48,176,116,198,123,209,204,284,263,291,282,308,287,182,252,294,205,214,176,287,295,81,293,231,227,78,191,110,234,270,130,151,295,259,281,262,297,273,269,286,84,197,295,288,278,300,273,157,264,269,251,219,85,292,267,242,114
II_12401154,,,,,,,,,,,,,,,,,,,,,,,,,,,,,,,,,,,,,,,,,,,,47,152,149,124,96,133,146,146,146,144,157,157,157,163,143,147,132,156,138,135,159,142,164,93,79,159,160,145,157,142,122,66,62,134,71,158,67,146,160,65,160,145,144,69,98,34,146,162,153,147,152,146,154,152,159,138,87,160,135,145,69,153,105,149,150,153,155,152,76,31,90,69,101,77,111,109,161,138,161,156,163,155,106,137,157,127,119,100,162,168,40,158,124,122,47,104,58,131,156,73,78,155,140,152,144,158,151,147,159,43,108,156,155,152,160,152,92,147,142,136,117,47,163,142,132,62
II_12772511,,,,,,,,,,,,,,,,,,,,,,,,,,,,,,,,,,,,,,,,,,,,,109,114,80,65,94,111,99,99,98,117,114,112,117,101,115,97,113,95,106,116,109,113,72,54,110,111,101,112,111,86,51,44,102,53,114,59,109,115,44,118,107,101,60,69,32,113,116,102,107,112,103,108,113,116,93,69,117,108,101,50,112,76,109,108,111,113,110,60,20,67,49,85,56,75,84,116,99,114,112,120,108,72,101,108,81,91,72,113,115,32,113,85,93,37,84,48,92,110,49,59,110,98,108,98,116,110,113,106,32,69,119,115,110,119,111,68,98,96,94,89,27,119,109,101,42
II_13239948,,,,,,,,,,,,,,,,,,,,,,,,,,,,,,,,,,,,,,,,,,,,,,322,258,180,269,299,290,290,277,339,329,341,348,296,333,280,331,273,295,325,306,344,200,165,331,332,315,332,307,250,125,117,309,165,340,144,312,327,133,344,313,301,143,215,77,307,343,297,316,329,307,325,331,353,285,198,328,292,307,159,330,221,327,329,329,337,334,180,48,208,127,227,144,230,234,345,305,332,328,356,338,213,296,341,237,247,211,339,352,88,344,262,252,96,222,130,278,322,154,183,347,288,323,292,348,313,297,334,109,222,346,341,327,344,319,187,302,300,285,244,96,340,314,275,131
II_15168946,,,,,,,,,,,,,,,,,,,,,,,,,,,,,,,,,,,,,,,,,,,,,,,261,187,286,312,303,303,286,355,340,354,365,307,333,278,346,287,301,342,321,356,204,170,345,347,321,345,307,260,126,127,318,174,349,147,323,332,130,351,328,312,142,206,77,308,358,310,321,333,320,329,340,363,296,213,340,300,305,164,345,226,338,343,343,354,351,183,47,212,135,240,145,235,242,358,317,346,340,373,347,218,296,357,234,256,213,340,366,85,353,264,256,104,223,134,291,327,159,183,359,307,331,311,356,328,315,341,98,229,360,354,328,363,322,206,314,329,304,263,101,355,325,291,139
III_6210,,,,,,,,,,,,,,,,,,,,,,,,,,,,,,,,,,,,,,,,,,,,,,,,148,217,243,236,236,224,264,259,270,274,235,263,225,263,215,240,258,244,275,157,139,259,261,243,259,244,204,105,87,233,137,266,117,252,256,103,268,251,241,120,179,59,246,272,235,249,266,242,252,257,283,224,156,264,231,242,128,262,178,258,259,258,268,269,145,39,155,110,180,119,183,196,269,248,268,257,277,261,164,235,273,191,203,168,266,274,62,273,208,202,77,181,107,221,254,118,145,272,232,253,232,268,245,242,262,81,169,271,270,253,268,250,148,244,238,226,194,77,274,250,229,105
III_335838,,,,,,,,,,,,,,,,,,,,,,,,,,,,,,,,,,,,,,,,,,,,,,,,,159,175,168,168,163,188,183,193,195,173,188,155,191,158,168,182,176,198,121,102,187,188,176,188,176,136,81,69,182,97,188,85,179,183,72,194,174,168,79,116,49,172,191,174,180,186,166,183,188,197,165,112,189,168,175,90,183,125,183,183,183,192,188,110,34,111,82,126,90,134,138,190,177,182,191,198,187,125,171,189,143,144,115,195,197,51,193,142,147,53,132,84,153,183,95,96,184,166,186,174,187,177,181,188,48,124,199,188,175,190,187,110,166,172,164,146,49,192,169,157,69
III_963559,,,,,,,,,,,,,,,,,,,,,,,,,,,,,,,,,,,,,,,,,,,,,,,,,,256,247,247,244,283,280,293,294,238,268,244,282,238,254,272,258,287,173,146,283,286,261,284,255,206,108,99,256,137,285,128,260,275,103,292,264,258,127,167,66,256,286,250,259,278,264,269,283,295,246,169,273,244,258,127,279,188,272,277,278,288,283,153,41,173,113,203,123,180,193,289,248,290,276,300,289,178,253,286,201,209,181,283,296,65,292,220,218,83,186,113,232,274,137,149,293,245,269,251,295,269,261,282,82,188,290,294,271,291,261,168,261,254,253,212,76,292,257,230,107
III_1243559,,,,,,,,,,,,,,,,,,,,,,,,,,,,,,,,,,,,,,,,,,,,,,,,,,,268,268,264,321,306,320,321,276,307,251,310,250,285,314,292,322,181,149,312,314,291,314,292,238,118,110,289,158,312,140,290,311,109,317,291,279,132,194,76,280,317,273,292,302,291,305,313,334,265,187,310,272,280,145,305,199,300,304,306,316,312,159,51,191,124,208,130,210,229,322,282,317,304,330,315,194,279,321,221,240,194,313,326,77,325,239,239,92,205,130,259,299,140,167,321,275,299,281,323,294,285,316,95,203,318,320,304,325,296,179,287,287,273,238,96,319,290,269,121
III_1618073,,,,,,,,,,,,,,,,,,,,,,,,,,,,,,,,,,,,,,,,,,,,,,,,,,,,362,259,307,299,310,312,274,301,257,308,250,267,300,282,320,182,156,307,310,291,309,274,229,114,109,273,148,313,143,279,306,113,316,285,278,138,192,67,272,315,272,292,301,287,296,301,321,256,190,304,260,279,135,306,207,304,305,305,314,309,163,49,182,128,198,131,209,217,318,283,308,309,331,309,190,266,313,224,232,196,310,314,77,315,236,234,95,204,124,243,298,132,164,314,279,295,272,313,282,276,303,89,197,319,311,297,312,286,170,276,279,266,230,88,315,283,259,120
III_1618081,,,,,,,,,,,,,,,,,,,,,,,,,,,,,,,,,,,,,,,,,,,,,,,,,,,,,259,307,299,310,312,274,301,257,308,250,267,300,282,320,182,156,307,310,291,309,274,229,114,109,273,148,313,143,279,306,113,316,285,278,138,192,67,272,315,272,292,301,287,296,301,321,256,190,304,260,279,135,306,207,304,305,305,314,309,163,49,182,128,198,131,209,217,318,283,308,309,331,309,190,266,313,224,232,196,310,314,77,315,236,234,95,204,124,243,298,132,164,314,279,295,272,313,282,276,303,89,197,319,311,297,312,286,170,276,279,266,230,88,315,283,259,120
III_2552806,,,,,,,,,,,,,,,,,,,,,,,,,,,,,,,,,,,,,,,,,,,,,,,,,,,,,,292,291,297,306,258,288,248,291,246,258,282,272,302,174,144,291,293,273,291,265,217,112,106,252,138,289,133,272,288,117,303,273,265,135,186,65,269,299,265,268,288,275,279,287,300,248,180,293,255,270,137,284,186,279,282,285,291,285,144,49,180,112,203,138,203,217,293,265,292,289,309,290,184,256,299,213,219,186,291,306,76,299,232,226,84,187,113,239,276,137,144,300,262,285,266,306,276,268,286,79,189,300,294,279,299,278,159,267,263,254,214,77,299,274,247,114
III_3771123,,,,,,,,,,,,,,,,,,,,,,,,,,,,,,,,,,,,,,,,,,,,,,,,,,,,,,,348,364,374,321,347,294,350,295,315,357,325,370,200,173,352,353,330,353,327,267,135,127,323,181,361,155,333,345,134,367,336,319,145,217,81,324,364,312,335,347,324,342,353,376,305,217,346,312,316,156,351,234,345,349,348,358,353,188,53,211,136,242,149,249,260,367,324,363,344,380,355,219,311,370,246,274,231,361,375,83,358,269,265,101,233,142,285,340,161,195,362,305,340,316,364,335,322,353,115,232,365,360,335,370,338,202,324,323,313,269,97,361,339,300,143
III_4424656,,,,,,,,,,,,,,,,,,,,,,,,,,,,,,,,,,,,,,,,,,,,,,,,,,,,,,,,356,356,309,332,288,348,282,300,341,315,354,207,175,343,344,321,343,313,260,127,110,309,173,338,151,313,337,129,356,320,307,146,215,77,314,353,299,323,337,321,335,337,364,285,214,338,300,313,153,332,215,329,333,334,344,338,179,55,200,135,236,150,238,247,351,317,344,335,374,344,209,302,355,243,254,221,350,359,89,351,267,255,102,232,131,291,329,159,182,351,300,321,310,357,324,310,334,109,223,354,348,330,361,327,195,317,315,304,255,99,357,323,285,134
III_4618349,,,,,,,,,,,,,,,,,,,,,,,,,,,,,,,,,,,,,,,,,,,,,,,,,,,,,,,,,370,317,348,289,361,297,319,347,324,366,210,179,358,361,335,359,319,264,134,124,328,177,367,160,324,353,132,371,333,325,142,215,82,319,366,322,331,352,332,354,352,375,301,219,357,308,324,168,350,235,345,350,350,363,359,185,53,212,139,240,147,241,259,371,329,362,353,392,356,218,312,371,248,260,229,362,374,90,361,268,264,105,229,144,295,344,165,194,367,315,342,315,370,330,326,356,110,239,368,361,347,371,338,207,324,331,321,270,104,365,339,298,144
III_4674547,,,,,,,,,,,,,,,,,,,,,,,,,,,,,,,,,,,,,,,,,,,,,,,,,,,,,,,,,,326,350,300,359,296,324,354,331,372,214,182,356,359,332,358,327,268,133,125,326,183,374,153,338,353,135,376,343,328,153,220,83,318,372,324,344,355,334,349,350,381,311,218,357,321,329,175,357,234,352,356,355,368,361,191,52,218,143,242,159,251,260,372,334,364,357,389,366,224,320,371,252,272,232,363,381,85,375,275,273,106,239,144,297,346,168,195,371,309,347,327,376,336,328,357,110,243,377,366,348,380,342,212,329,332,322,275,100,365,337,302,148
III_4900887,,,,,,,,,,,,,,,,,,,,,,,,,,,,,,,,,,,,,,,,,,,,,,,,,,,,,,,,,,,300,261,305,256,277,311,287,323,185,157,318,320,299,319,277,240,114,107,281,165,317,130,291,305,108,325,291,283,129,192,69,288,319,275,300,304,286,307,306,326,263,194,302,276,281,138,302,199,295,299,297,308,302,164,52,195,126,203,141,216,220,325,283,314,308,333,311,191,273,319,213,239,197,312,326,79,321,235,234,86,200,126,244,298,140,162,313,270,298,282,320,285,282,306,94,195,325,319,299,324,298,181,284,283,275,240,91,322,291,263,128
III_5855969,,,,,,,,,,,,,,,,,,,,,,,,,,,,,,,,,,,,,,,,,,,,,,,,,,,,,,,,,,,,283,342,278,310,340,313,356,201,170,335,337,316,335,307,255,132,116,310,174,346,155,319,334,126,353,317,302,148,211,76,308,348,305,314,331,311,331,338,363,294,208,340,303,313,165,341,222,337,341,340,350,344,176,52,198,128,236,145,228,248,349,310,342,336,362,334,209,300,354,244,251,221,347,360,88,350,262,257,96,221,142,281,330,148,183,353,300,330,307,357,318,307,342,97,226,357,345,338,350,327,195,310,319,298,250,97,354,316,284,135
III_6926027,,,,,,,,,,,,,,,,,,,,,,,,,,,,,,,,,,,,,,,,,,,,,,,,,,,,,,,,,,,,,283,243,255,280,258,297,174,148,284,285,265,283,260,216,116,105,256,142,286,133,268,277,112,291,273,251,128,175,72,258,288,255,272,279,262,273,275,305,251,177,281,251,261,133,275,188,273,276,277,288,284,147,48,170,111,189,120,203,205,287,265,291,283,299,286,190,247,289,209,219,178,296,297,70,295,222,220,81,195,115,231,271,139,152,294,247,267,254,291,270,255,286,89,183,295,290,274,299,268,164,260,263,246,218,77,294,266,240,110
III_7228580,,,,,,,,,,,,,,,,,,,,,,,,,,,,,,,,,,,,,,,,,,,,,,,,,,,,,,,,,,,,,,291,305,337,319,360,206,173,345,347,328,345,314,260,131,114,315,180,348,157,316,337,137,363,325,312,152,213,78,311,362,305,330,337,318,336,341,366,301,216,343,302,315,156,341,225,334,340,340,352,345,181,51,205,132,241,156,240,255,361,320,349,350,377,343,210,303,357,241,264,223,356,368,87,354,262,264,102,228,133,283,335,160,184,357,310,336,319,358,321,321,350,105,227,357,354,336,359,330,191,321,323,314,259,90,360,322,294,141
III_7620901,,,,,,,,,,,,,,,,,,,,,,,,,,,,,,,,,,,,,,,,,,,,,,,,,,,,,,,,,,,,,,,258,288,257,295,174,146,280,283,265,282,255,212,108,109,256,139,287,130,267,282,119,294,271,260,133,175,70,263,289,261,273,277,271,276,275,299,247,169,286,252,254,131,279,187,272,277,277,288,282,153,45,170,110,200,127,203,206,295,258,286,286,303,286,189,255,293,204,221,184,293,299,76,292,218,221,77,191,108,230,274,144,143,285,252,278,267,293,275,257,280,86,182,294,290,272,291,268,162,260,265,248,207,76,298,266,233,117
III_8144839,,,,,,,,,,,,,,,,,,,,,,,,,,,,,,,,,,,,,,,,,,,,,,,,,,,,,,,,,,,,,,,,309,288,318,184,154,313,314,299,312,285,240,123,107,279,160,319,135,294,303,115,315,294,274,132,192,66,288,313,273,294,306,286,305,308,323,272,195,308,269,274,145,299,194,293,296,295,309,304,167,49,182,126,205,128,214,217,323,284,313,308,334,312,196,273,326,226,238,194,313,328,76,330,242,240,94,214,140,259,297,141,163,327,265,301,274,323,287,281,310,104,199,324,317,299,324,299,185,281,287,270,232,97,316,292,260,121
III_8239503,,,,,,,,,,,,,,,,,,,,,,,,,,,,,,,,,,,,,,,,,,,,,,,,,,,,,,,,,,,,,,,,,317,350,203,167,349,351,329,349,311,256,132,124,310,172,352,156,322,335,131,350,326,307,146,215,75,313,348,301,323,339,319,335,343,363,294,211,344,298,310,157,345,230,338,343,342,348,346,178,54,206,132,234,143,234,245,355,313,345,334,367,341,213,306,353,240,261,227,350,361,89,354,266,261,100,222,142,282,330,158,183,352,302,332,311,354,323,311,343,107,225,354,354,333,359,327,195,311,318,304,254,103,359,319,288,137
III_8978025,,,,,,,,,,,,,,,,,,,,,,,,,,,,,,,,,,,,,,,,,,,,,,,,,,,,,,,,,,,,,,,,,,332,186,154,328,329,306,327,286,232,124,114,283,165,322,148,296,313,115,330,301,288,140,198,73,293,323,289,301,304,300,306,312,339,280,196,323,289,287,151,319,206,315,319,320,329,326,171,51,196,127,220,137,219,234,336,291,321,315,345,326,207,291,330,225,238,206,327,340,81,336,246,242,90,213,125,274,303,145,169,328,287,316,295,331,299,293,315,91,207,337,323,310,334,304,181,289,301,281,246,95,328,309,268,134
III_9819058,,,,,,,,,,,,,,,,,,,,,,,,,,,,,,,,,,,,,,,,,,,,,,,,,,,,,,,,,,,,,,,,,,,210,178,361,364,342,362,330,274,137,126,322,182,367,156,333,352,131,377,344,326,158,230,80,323,373,326,335,354,342,349,353,379,308,213,360,314,329,162,350,236,344,348,348,363,355,185,58,214,137,245,155,249,260,377,330,365,356,384,362,226,312,372,254,271,228,362,384,90,374,282,279,104,239,139,296,350,169,203,373,311,348,319,372,339,331,361,114,241,373,363,346,371,339,207,329,337,324,265,108,369,340,301,146
III_10503212,,,,,,,,,,,,,,,,,,,,,,,,,,,,,,,,,,,,,,,,,,,,,,,,,,,,,,,,,,,,,,,,,,,,186,207,208,190,209,186,154,86,76,181,100,199,95,189,195,75,211,193,182,96,130,48,192,204,188,193,201,187,201,199,214,176,118,204,183,196,94,200,132,194,198,200,206,205,97,34,122,92,146,91,146,149,207,195,207,204,216,192,135,186,206,141,153,136,210,210,61,210,162,157,64,147,77,166,198,84,108,216,174,195,191,214,193,190,205,50,124,208,209,190,208,198,109,185,188,171,151,59,208,192,168,81
III_10503215,,,,,,,,,,,,,,,,,,,,,,,,,,,,,,,,,,,,,,,,,,,,,,,,,,,,,,,,,,,,,,,,,,,,,174,174,163,175,151,126,69,65,148,91,165,84,156,165,62,181,163,158,78,105,38,159,172,163,166,166,157,165,163,179,150,99,171,154,159,77,170,116,165,170,170,177,175,86,29,99,75,119,74,120,126,178,167,176,173,180,163,109,159,168,125,126,114,175,177,51,177,129,127,49,117,65,136,165,73,92,180,148,165,168,181,163,159,175,43,105,174,177,162,174,167,96,157,154,148,122,51,176,157,146,70
III_10848212,,,,,,,,,,,,,,,,,,,,,,,,,,,,,,,,,,,,,,,,,,,,,,,,,,,,,,,,,,,,,,,,,,,,,,418,381,415,313,258,129,122,314,175,357,157,317,340,137,358,331,316,142,214,69,312,357,310,327,341,326,348,349,370,298,220,348,311,314,168,345,221,336,341,342,355,349,182,55,204,140,236,146,229,254,370,318,359,335,378,349,218,308,357,249,263,221,359,366,90,359,261,264,109,226,141,287,337,161,188,359,310,334,314,368,323,320,344,108,230,358,352,341,367,330,198,318,318,306,262,107,358,323,288,145
III_10848213,,,,,,,,,,,,,,,,,,,,,,,,,,,,,,,,,,,,,,,,,,,,,,,,,,,,,,,,,,,,,,,,,,,,,,,382,417,315,261,129,123,316,175,358,157,319,342,137,361,332,318,142,216,70,315,359,313,328,343,329,349,350,372,300,222,350,311,316,169,348,224,339,344,345,358,352,181,55,206,141,238,147,230,257,370,320,361,338,380,351,219,310,359,250,265,224,359,368,89,360,262,266,109,227,141,288,339,161,189,362,311,335,314,368,324,322,347,108,232,360,353,342,369,333,200,320,320,307,263,107,360,326,290,144
III_10848216,,,,,,,,,,,,,,,,,,,,,,,,,,,,,,,,,,,,,,,,,,,,,,,,,,,,,,,,,,,,,,,,,,,,,,,,383,294,250,117,115,293,160,341,157,300,320,125,340,313,295,131,205,64,289,340,289,307,322,307,325,324,348,284,213,327,293,300,152,324,205,316,320,320,334,329,173,52,197,126,219,136,223,236,347,299,331,320,356,325,204,293,337,241,247,213,337,346,87,338,246,244,98,209,135,274,320,145,175,334,290,314,296,343,301,298,326,106,215,337,335,322,347,312,189,299,304,294,243,103,344,303,271,134
III_10848221,,,,,,,,,,,,,,,,,,,,,,,,,,,,,,,,,,,,,,,,,,,,,,,,,,,,,,,,,,,,,,,,,,,,,,,,,313,262,129,125,315,176,358,158,317,339,136,359,332,316,143,216,71,313,356,312,327,342,329,347,350,368,298,220,348,310,316,166,346,223,337,341,342,355,350,182,55,207,140,237,146,229,255,368,319,358,337,378,348,218,309,357,251,263,223,359,366,89,358,262,264,107,227,141,287,338,158,188,360,309,335,313,367,323,321,346,108,229,358,352,342,368,331,200,318,320,307,263,108,358,325,290,143
III_10992182,,,,,,,,,,,,,,,,,,,,,,,,,,,,,,,,,,,,,,,,,,,,,,,,,,,,,,,,,,,,,,,,,,,,,,,,,,241,125,109,288,156,320,145,296,312,127,326,304,284,143,200,75,286,320,281,299,307,291,304,310,334,279,190,318,277,293,140,308,209,304,309,308,320,316,159,52,190,121,215,137,213,239,321,289,320,314,338,316,205,285,323,235,238,191,317,332,81,322,241,242,94,216,130,256,309,142,162,324,277,301,280,324,301,291,314,100,199,323,326,303,329,303,177,292,278,277,241,90,316,302,266,125
III_11064860,,,,,,,,,,,,,,,,,,,,,,,,,,,,,,,,,,,,,,,,,,,,,,,,,,,,,,,,,,,,,,,,,,,,,,,,,,,101,97,234,137,263,118,253,254,95,268,251,233,113,165,62,241,264,237,247,258,246,255,255,270,227,169,258,236,237,118,261,183,257,262,260,266,261,135,50,160,107,178,115,185,184,269,246,263,259,282,255,160,228,269,187,201,171,264,267,64,266,211,196,72,175,102,225,255,109,148,268,229,246,236,275,246,244,254,79,170,264,270,248,267,248,159,245,247,227,197,79,265,246,212,102
III_11485833,,,,,,,,,,,,,,,,,,,,,,,,,,,,,,,,,,,,,,,,,,,,,,,,,,,,,,,,,,,,,,,,,,,,,,,,,,,,53,117,69,129,57,122,127,49,130,122,114,60,88,36,130,135,113,124,131,129,129,132,134,121,75,131,114,114,58,130,89,126,130,129,135,134,59,30,76,60,94,64,93,107,132,119,133,130,134,129,83,124,132,95,92,78,138,128,40,129,111,106,34,97,56,116,115,53,78,134,116,127,114,130,126,119,130,30,76,133,127,127,128,126,70,126,119,112,99,36,130,118,116,52
III_11569397,,,,,,,,,,,,,,,,,,,,,,,,,,,,,,,,,,,,,,,,,,,,,,,,,,,,,,,,,,,,,,,,,,,,,,,,,,,,,107,51,127,57,117,119,44,122,111,111,54,78,27,109,126,111,120,117,113,119,123,129,112,60,123,119,111,57,128,89,126,128,128,131,129,59,22,76,62,84,48,91,87,118,110,120,122,127,116,79,106,125,84,90,81,126,125,33,122,95,94,35,94,52,96,113,54,59,120,106,121,110,122,116,118,121,34,80,120,119,119,129,120,70,107,109,105,81,34,122,117,97,47
III_11992988,,,,,,,,,,,,,,,,,,,,,,,,,,,,,,,,,,,,,,,,,,,,,,,,,,,,,,,,,,,,,,,,,,,,,,,,,,,,,,153,323,134,291,296,116,326,296,294,130,193,69,280,328,278,295,311,291,310,316,336,269,185,315,274,290,144,308,199,303,307,304,318,315,167,49,192,122,221,130,215,220,323,284,319,310,339,317,200,283,330,219,236,192,317,337,81,324,240,234,96,207,126,258,302,143,170,329,281,301,279,322,293,284,316,101,202,329,321,297,330,301,178,288,286,276,244,88,315,294,264,126
III_12523674,,,,,,,,,,,,,,,,,,,,,,,,,,,,,,,,,,,,,,,,,,,,,,,,,,,,,,,,,,,,,,,,,,,,,,,,,,,,,,,175,79,163,173,63,182,167,155,72,111,39,159,182,152,173,169,165,168,166,190,150,113,177,151,151,76,169,110,166,167,168,176,173,94,25,103,77,116,79,129,124,182,170,170,183,185,175,102,157,177,116,135,111,179,189,42,174,142,142,58,118,77,130,168,79,90,180,154,177,157,178,166,169,178,47,121,183,177,168,181,165,99,166,165,148,134,51,179,167,151,72
III_12579079,,,,,,,,,,,,,,,,,,,,,,,,,,,,,,,,,,,,,,,,,,,,,,,,,,,,,,,,,,,,,,,,,,,,,,,,,,,,,,,,159,331,352,135,374,327,328,146,230,81,313,368,317,334,345,326,346,352,379,302,219,356,316,328,168,352,232,347,351,351,361,355,194,52,218,136,244,149,244,252,375,329,356,353,386,357,213,310,371,253,266,229,354,379,90,367,270,254,111,235,147,289,339,169,197,367,315,338,316,368,328,318,357,116,232,368,359,348,375,333,210,322,326,317,272,99,367,333,297,148
III_12776645,,,,,,,,,,,,,,,,,,,,,,,,,,,,,,,,,,,,,,,,,,,,,,,,,,,,,,,,,,,,,,,,,,,,,,,,,,,,,,,,,139,156,59,161,143,138,74,91,35,138,153,142,153,151,143,148,153,158,136,96,159,149,142,85,155,101,151,153,153,156,156,81,26,94,67,112,65,112,115,163,145,156,158,160,155,98,142,156,114,119,100,163,154,48,160,118,127,41,97,58,126,146,75,86,156,138,148,148,157,145,142,154,48,102,157,159,154,155,145,81,147,138,140,111,49,156,145,134,60
III_12995844,,,,,,,,,,,,,,,,,,,,,,,,,,,,,,,,,,,,,,,,,,,,,,,,,,,,,,,,,,,,,,,,,,,,,,,,,,,,,,,,,,314,123,335,304,290,139,200,76,293,323,286,317,320,298,320,320,342,280,194,319,286,289,155,319,211,312,316,315,324,318,173,53,201,123,213,139,214,240,327,300,326,313,341,327,204,284,335,236,242,208,324,345,84,341,250,242,91,207,133,263,311,148,171,330,282,306,289,335,308,294,320,100,212,331,325,309,338,309,186,297,295,283,240,86,331,301,270,130
III_13394314,,,,,,,,,,,,,,,,,,,,,,,,,,,,,,,,,,,,,,,,,,,,,,,,,,,,,,,,,,,,,,,,,,,,,,,,,,,,,,,,,,,128,352,321,309,142,211,79,305,353,302,323,334,317,327,331,363,288,222,337,305,310,157,332,223,329,332,332,344,337,174,53,205,136,225,148,237,249,352,317,342,336,365,347,214,306,352,244,251,226,345,353,91,349,265,259,98,218,136,276,332,149,177,346,300,331,305,354,318,309,333,100,222,352,347,336,349,322,193,318,311,303,256,101,355,322,279,141
IV_280685,,,,,,,,,,,,,,,,,,,,,,,,,,,,,,,,,,,,,,,,,,,,,,,,,,,,,,,,,,,,,,,,,,,,,,,,,,,,,,,,,,,,131,131,126,61,84,30,121,132,119,130,133,122,127,126,136,121,78,136,115,114,57,126,80,124,123,126,129,124,73,19,85,55,92,55,90,103,133,121,137,127,135,132,83,116,133,92,105,73,132,142,30,129,104,99,44,82,57,109,124,62,74,138,113,125,119,135,121,120,128,38,89,132,134,112,137,125,75,125,122,117,101,29,137,126,105,58
IV_360680,,,,,,,,,,,,,,,,,,,,,,,,,,,,,,,,,,,,,,,,,,,,,,,,,,,,,,,,,,,,,,,,,,,,,,,,,,,,,,,,,,,,,336,332,152,222,77,327,367,325,339,350,336,349,350,384,304,223,355,317,330,164,354,237,348,353,353,369,361,190,55,217,136,255,159,243,256,376,337,366,355,390,363,216,317,372,254,268,235,366,386,94,369,276,270,105,230,142,294,344,169,193,370,316,348,318,378,333,328,360,115,237,375,364,350,375,340,210,329,330,317,276,104,366,342,297,144
IV_1072423,,,,,,,,,,,,,,,,,,,,,,,,,,,,,,,,,,,,,,,,,,,,,,,,,,,,,,,,,,,,,,,,,,,,,,,,,,,,,,,,,,,,,,290,133,205,71,292,332,293,309,319,306,319,323,338,281,208,323,287,304,145,320,222,318,320,319,331,326,174,58,196,131,217,144,221,241,340,298,333,319,349,326,210,286,331,234,243,211,331,341,84,336,253,245,97,219,128,269,318,145,167,340,278,317,286,341,303,296,326,101,212,343,335,313,344,313,186,300,302,291,254,99,329,308,277,130
IV_1725375,,,,,,,,,,,,,,,,,,,,,,,,,,,,,,,,,,,,,,,,,,,,,,,,,,,,,,,,,,,,,,,,,,,,,,,,,,,,,,,,,,,,,,,138,198,71,281,326,284,308,302,296,301,313,329,272,185,316,277,286,141,315,214,309,313,313,325,319,163,52,187,128,221,143,216,221,332,287,313,313,338,323,201,290,333,217,235,200,316,334,83,326,251,239,101,200,126,258,303,146,172,327,287,300,280,327,297,293,311,99,205,326,317,306,332,304,189,290,284,284,237,92,328,295,258,132
IV_1742939,,,,,,,,,,,,,,,,,,,,,,,,,,,,,,,,,,,,,,,,,,,,,,,,,,,,,,,,,,,,,,,,,,,,,,,,,,,,,,,,,,,,,,,,97,33,138,153,138,142,145,137,138,144,154,134,81,149,138,139,58,143,93,138,140,141,149,148,79,30,95,64,112,78,102,104,147,135,148,150,155,152,96,134,153,111,124,91,151,153,37,152,128,118,46,101,62,113,137,74,76,151,131,143,131,155,144,129,149,53,90,155,156,146,150,133,84,135,135,128,102,34,150,131,128,56
IV_2050979,,,,,,,,,,,,,,,,,,,,,,,,,,,,,,,,,,,,,,,,,,,,,,,,,,,,,,,,,,,,,,,,,,,,,,,,,,,,,,,,,,,,,,,,,53,196,222,197,207,219,207,212,211,218,184,124,219,192,203,102,213,137,209,210,211,217,215,109,33,134,78,140,94,153,154,222,193,214,217,226,215,130,190,228,152,164,147,214,228,55,223,178,153,68,149,90,185,210,97,120,225,195,207,192,227,198,198,214,67,146,223,218,207,224,209,123,195,199,194,158,59,222,206,179,87
IV_2692904,,,,,,,,,,,,,,,,,,,,,,,,,,,,,,,,,,,,,,,,,,,,,,,,,,,,,,,,,,,,,,,,,,,,,,,,,,,,,,,,,,,,,,,,,,71,73,71,74,73,73,72,77,79,65,47,74,72,77,38,78,45,78,77,79,84,82,43,14,59,26,48,31,59,63,81,78,79,80,81,79,57,75,77,48,54,45,80,78,20,77,60,59,20,50,27,60,81,37,42,81,67,78,72,80,75,75,74,20,54,80,77,75,81,70,48,72,73,60,53,25,84,76,65,34
IV_3121162,,,,,,,,,,,,,,,,,,,,,,,,,,,,,,,,,,,,,,,,,,,,,,,,,,,,,,,,,,,,,,,,,,,,,,,,,,,,,,,,,,,,,,,,,,,324,281,292,305,291,310,315,325,271,202,311,279,285,144,310,200,306,309,308,320,313,168,53,190,122,223,142,221,224,328,295,317,311,339,310,196,279,323,224,238,197,315,331,80,324,249,244,80,206,127,260,303,140,169,318,273,306,283,324,293,289,309,92,200,324,320,307,331,302,175,284,289,270,236,92,322,298,267,122
IV_4960126,,,,,,,,,,,,,,,,,,,,,,,,,,,,,,,,,,,,,,,,,,,,,,,,,,,,,,,,,,,,,,,,,,,,,,,,,,,,,,,,,,,,,,,,,,,,313,332,353,335,347,349,383,304,226,362,312,326,162,357,234,351,355,355,365,359,184,52,214,137,238,155,249,261,377,322,357,351,387,353,221,313,375,261,270,225,365,381,89,368,280,260,106,233,138,291,343,165,195,368,309,342,317,367,329,320,354,108,237,368,363,344,373,334,198,322,330,317,269,98,368,337,300,151
IV_9051534,,,,,,,,,,,,,,,,,,,,,,,,,,,,,,,,,,,,,,,,,,,,,,,,,,,,,,,,,,,,,,,,,,,,,,,,,,,,,,,,,,,,,,,,,,,,,297,300,285,298,303,319,262,186,311,275,289,147,306,215,303,305,306,316,312,165,49,188,122,213,131,213,232,318,291,315,312,328,312,196,273,308,226,234,194,313,326,74,321,239,236,88,209,128,254,299,145,168,316,271,298,286,322,288,281,315,92,203,319,312,306,319,292,183,286,283,268,230,91,315,294,255,125
IV_9450111,,,,,,,,,,,,,,,,,,,,,,,,,,,,,,,,,,,,,,,,,,,,,,,,,,,,,,,,,,,,,,,,,,,,,,,,,,,,,,,,,,,,,,,,,,,,,,329,297,314,328,343,285,199,316,293,292,148,322,218,315,318,318,334,329,170,51,197,132,218,142,228,232,344,309,329,325,351,332,204,289,337,233,258,209,337,345,83,341,252,247,99,217,139,265,306,149,176,340,292,311,299,345,307,298,327,104,211,337,332,317,347,312,185,297,299,290,249,93,335,317,265,140
IV_9976605,,,,,,,,,,,,,,,,,,,,,,,,,,,,,,,,,,,,,,,,,,,,,,,,,,,,,,,,,,,,,,,,,,,,,,,,,,,,,,,,,,,,,,,,,,,,,,,315,334,332,360,289,215,331,299,310,153,335,227,328,331,331,345,339,188,53,206,134,232,147,230,245,352,320,348,334,365,336,208,302,348,243,262,222,346,354,85,346,266,257,107,224,141,288,326,148,183,344,292,321,312,357,316,308,334,107,220,356,344,328,351,322,198,310,312,304,264,102,349,317,283,133
IV_10848912,,,,,,,,,,,,,,,,,,,,,,,,,,,,,,,,,,,,,,,,,,,,,,,,,,,,,,,,,,,,,,,,,,,,,,,,,,,,,,,,,,,,,,,,,,,,,,,,310,319,338,275,200,323,281,294,151,320,216,315,316,316,328,324,165,54,199,125,230,137,215,232,336,293,323,312,345,324,201,296,331,231,238,208,330,335,86,335,258,242,92,212,127,269,307,146,173,328,288,308,287,330,295,294,317,93,214,341,325,312,330,297,186,293,298,285,247,96,330,302,275,133
IV_11673421,,,,,,,,,,,,,,,,,,,,,,,,,,,,,,,,,,,,,,,,,,,,,,,,,,,,,,,,,,,,,,,,,,,,,,,,,,,,,,,,,,,,,,,,,,,,,,,,,331,354,287,206,333,300,307,161,327,213,321,324,325,338,332,175,54,196,129,226,149,228,244,350,311,346,331,369,337,204,287,347,242,251,211,341,356,87,348,251,250,101,222,141,279,330,155,181,344,295,323,306,354,317,309,338,107,219,350,335,328,351,326,199,305,313,293,253,96,344,314,283,136
IV_11795712,,,,,,,,,,,,,,,,,,,,,,,,,,,,,,,,,,,,,,,,,,,,,,,,,,,,,,,,,,,,,,,,,,,,,,,,,,,,,,,,,,,,,,,,,,,,,,,,,,360,290,212,337,299,314,159,328,222,325,329,330,344,338,186,53,208,133,230,151,231,237,360,318,344,328,368,347,210,306,352,243,255,215,352,364,89,353,264,262,100,219,147,283,332,155,182,357,303,331,298,358,316,310,345,114,218,354,351,331,361,324,199,312,312,301,254,96,352,325,291,141
IV_13197234,,,,,,,,,,,,,,,,,,,,,,,,,,,,,,,,,,,,,,,,,,,,,,,,,,,,,,,,,,,,,,,,,,,,,,,,,,,,,,,,,,,,,,,,,,,,,,,,,,,311,233,365,327,334,173,359,245,353,358,358,374,367,192,55,216,145,253,156,252,266,382,336,372,359,398,371,221,330,382,254,275,232,374,394,96,379,279,272,108,242,153,305,353,172,201,381,323,353,324,384,343,332,367,117,239,378,377,357,385,348,207,339,337,320,283,103,378,347,310,157
IV_13266587,,,,,,,,,,,,,,,,,,,,,,,,,,,,,,,,,,,,,,,,,,,,,,,,,,,,,,,,,,,,,,,,,,,,,,,,,,,,,,,,,,,,,,,,,,,,,,,,,,,,175,293,266,272,135,288,197,283,287,287,299,294,154,51,174,117,203,133,204,215,307,274,307,294,317,300,187,270,306,206,232,186,301,316,76,312,232,227,85,199,116,251,290,137,159,311,263,279,278,305,277,279,303,92,194,307,298,286,316,279,165,269,275,260,223,81,308,277,247,112
IV_15952877,,,,,,,,,,,,,,,,,,,,,,,,,,,,,,,,,,,,,,,,,,,,,,,,,,,,,,,,,,,,,,,,,,,,,,,,,,,,,,,,,,,,,,,,,,,,,,,,,,,,,207,189,200,107,208,135,207,211,210,220,214,121,33,135,86,148,94,159,158,231,199,212,206,231,213,130,192,227,148,155,140,219,230,52,225,152,157,65,136,87,182,210,95,115,221,186,201,194,221,198,199,210,65,131,223,223,209,231,195,127,199,205,186,165,66,221,206,181,96
IV_16161225,,,,,,,,,,,,,,,,,,,,,,,,,,,,,,,,,,,,,,,,,,,,,,,,,,,,,,,,,,,,,,,,,,,,,,,,,,,,,,,,,,,,,,,,,,,,,,,,,,,,,,304,311,161,342,228,335,339,339,349,342,180,56,208,135,233,143,237,251,357,314,348,335,369,339,213,305,351,245,259,220,348,363,87,351,270,264,103,231,148,292,328,158,190,357,310,337,306,357,328,312,338,95,231,353,351,335,356,324,194,309,314,305,258,98,352,330,291,141
IV_17386811,,,,,,,,,,,,,,,,,,,,,,,,,,,,,,,,,,,,,,,,,,,,,,,,,,,,,,,,,,,,,,,,,,,,,,,,,,,,,,,,,,,,,,,,,,,,,,,,,,,,,,,280,146,301,197,296,299,300,310,304,163,50,180,124,209,136,213,212,315,278,307,301,330,307,189,274,315,217,228,203,316,321,82,313,241,238,89,205,121,261,298,147,159,310,272,296,275,320,286,290,301,98,200,316,312,301,322,290,174,281,286,268,227,85,312,280,252,129
V_271202,,,,,,,,,,,,,,,,,,,,,,,,,,,,,,,,,,,,,,,,,,,,,,,,,,,,,,,,,,,,,,,,,,,,,,,,,,,,,,,,,,,,,,,,,,,,,,,,,,,,,,,,144,305,201,298,304,305,316,312,166,49,193,126,211,136,219,229,328,287,319,311,344,316,202,276,323,233,235,200,321,331,84,332,241,239,85,212,115,262,307,136,172,326,280,302,284,328,289,289,313,99,196,328,328,310,329,298,182,291,289,280,243,89,316,295,270,122
V_443590,,,,,,,,,,,,,,,,,,,,,,,,,,,,,,,,,,,,,,,,,,,,,,,,,,,,,,,,,,,,,,,,,,,,,,,,,,,,,,,,,,,,,,,,,,,,,,,,,,,,,,,,,159,90,156,157,159,162,160,83,27,101,65,108,64,113,121,165,147,160,159,173,161,95,142,174,115,122,105,161,165,41,170,121,122,49,104,72,128,150,78,90,169,141,151,138,169,149,152,153,47,106,162,159,152,168,151,87,146,151,134,112,46,162,145,132,69
V_1692282,,,,,,,,,,,,,,,,,,,,,,,,,,,,,,,,,,,,,,,,,,,,,,,,,,,,,,,,,,,,,,,,,,,,,,,,,,,,,,,,,,,,,,,,,,,,,,,,,,,,,,,,,,257,397,401,400,396,394,179,47,211,133,238,145,232,245,357,316,343,343,366,336,211,302,354,240,260,226,346,356,84,354,261,251,98,217,139,287,326,153,186,356,302,327,308,353,320,307,337,100,225,348,353,334,356,320,199,308,314,309,256,94,356,317,284,133
V_1692283,,,,,,,,,,,,,,,,,,,,,,,,,,,,,,,,,,,,,,,,,,,,,,,,,,,,,,,,,,,,,,,,,,,,,,,,,,,,,,,,,,,,,,,,,,,,,,,,,,,,,,,,,,,250,255,252,250,249,114,34,133,90,157,101,149,156,241,202,226,230,238,224,137,206,226,160,175,161,233,229,57,231,177,166,67,141,96,194,218,100,121,233,198,211,196,233,215,205,230,66,152,231,234,222,230,213,133,213,209,201,172,60,235,204,186,90
V_1692290,,,,,,,,,,,,,,,,,,,,,,,,,,,,,,,,,,,,,,,,,,,,,,,,,,,,,,,,,,,,,,,,,,,,,,,,,,,,,,,,,,,,,,,,,,,,,,,,,,,,,,,,,,,,399,399,395,393,176,49,207,131,230,140,230,243,352,313,336,337,362,332,209,298,350,236,257,222,341,352,83,349,254,250,99,215,138,281,322,153,180,351,297,324,302,347,312,301,332,100,223,342,344,327,351,315,192,304,310,304,254,94,349,313,279,130
V_1692291,,,,,,,,,,,,,,,,,,,,,,,,,,,,,,,,,,,,,,,,,,,,,,,,,,,,,,,,,,,,,,,,,,,,,,,,,,,,,,,,,,,,,,,,,,,,,,,,,,,,,,,,,,,,,403,401,397,178,49,210,131,233,143,235,244,356,317,342,341,368,337,212,302,353,237,258,223,347,356,84,354,258,252,99,217,137,284,326,155,182,354,302,327,308,352,317,305,336,101,224,348,349,334,356,319,195,308,314,309,256,95,354,316,282,130
V_1692293,,,,,,,,,,,,,,,,,,,,,,,,,,,,,,,,,,,,,,,,,,,,,,,,,,,,,,,,,,,,,,,,,,,,,,,,,,,,,,,,,,,,,,,,,,,,,,,,,,,,,,,,,,,,,,401,398,179,49,210,132,234,141,234,244,356,315,343,343,368,336,213,300,353,238,257,223,346,356,85,352,257,253,99,218,138,285,327,154,183,354,302,327,307,354,317,306,336,101,223,346,348,332,356,320,194,310,315,308,255,95,355,316,282,131
V_1692299,,,,,,,,,,,,,,,,,,,,,,,,,,,,,,,,,,,,,,,,,,,,,,,,,,,,,,,,,,,,,,,,,,,,,,,,,,,,,,,,,,,,,,,,,,,,,,,,,,,,,,,,,,,,,,,413,184,53,217,140,243,149,243,257,370,328,358,352,382,352,222,311,364,245,262,229,362,370,87,367,268,265,104,225,145,299,340,159,189,367,305,336,319,365,328,321,350,104,233,364,359,343,369,334,204,319,325,315,266,102,368,327,290,138
V_1692301,,,,,,,,,,,,,,,,,,,,,,,,,,,,,,,,,,,,,,,,,,,,,,,,,,,,,,,,,,,,,,,,,,,,,,,,,,,,,,,,,,,,,,,,,,,,,,,,,,,,,,,,,,,,,,,,180,51,216,138,239,143,238,252,363,323,348,348,374,345,219,305,359,241,261,227,357,365,85,360,264,258,99,220,145,290,335,155,187,363,302,331,313,358,322,315,345,104,228,359,353,335,362,328,200,316,321,310,261,100,360,325,287,133
V_1725261,,,,,,,,,,,,,,,,,,,,,,,,,,,,,,,,,,,,,,,,,,,,,,,,,,,,,,,,,,,,,,,,,,,,,,,,,,,,,,,,,,,,,,,,,,,,,,,,,,,,,,,,,,,,,,,,,27,110,75,129,78,125,129,196,172,183,185,202,180,116,166,191,126,142,114,185,198,48,190,142,132,55,118,81,145,171,94,100,183,153,174,169,187,168,156,178,59,118,189,187,181,195,174,108,173,165,159,138,60,185,170,150,64
V_3220355,,,,,,,,,,,,,,,,,,,,,,,,,,,,,,,,,,,,,,,,,,,,,,,,,,,,,,,,,,,,,,,,,,,,,,,,,,,,,,,,,,,,,,,,,,,,,,,,,,,,,,,,,,,,,,,,,,31,24,35,29,34,43,55,49,57,54,55,51,37,48,55,46,46,35,55,56,19,57,48,47,19,39,23,47,55,22,26,54,49,54,53,56,50,49,55,19,33,55,55,53,57,56,26,49,46,46,42,10,53,49,45,18
V_3586235,,,,,,,,,,,,,,,,,,,,,,,,,,,,,,,,,,,,,,,,,,,,,,,,,,,,,,,,,,,,,,,,,,,,,,,,,,,,,,,,,,,,,,,,,,,,,,,,,,,,,,,,,,,,,,,,,,,84,140,91,149,145,214,190,210,208,219,208,119,186,218,150,154,128,204,220,52,217,174,159,56,126,87,172,200,99,108,217,185,211,187,214,190,189,209,63,139,217,212,208,220,197,130,189,191,186,143,59,211,195,178,84
V_3726906,,,,,,,,,,,,,,,,,,,,,,,,,,,,,,,,,,,,,,,,,,,,,,,,,,,,,,,,,,,,,,,,,,,,,,,,,,,,,,,,,,,,,,,,,,,,,,,,,,,,,,,,,,,,,,,,,,,,98,67,98,99,137,130,143,139,143,135,91,126,139,93,96,89,140,135,32,143,107,108,44,93,59,111,134,58,64,143,116,135,121,137,128,132,133,38,87,140,139,132,140,134,78,128,121,119,110,39,133,132,111,55
V_4369445,,,,,,,,,,,,,,,,,,,,,,,,,,,,,,,,,,,,,,,,,,,,,,,,,,,,,,,,,,,,,,,,,,,,,,,,,,,,,,,,,,,,,,,,,,,,,,,,,,,,,,,,,,,,,,,,,,,,,105,154,162,238,222,236,233,255,234,139,218,249,168,183,151,239,246,56,238,191,179,73,155,102,198,230,112,129,243,202,224,212,245,228,221,232,71,152,247,239,231,246,219,147,223,216,203,185,71,247,224,210,99
V_4817310,,,,,,,,,,,,,,,,,,,,,,,,,,,,,,,,,,,,,,,,,,,,,,,,,,,,,,,,,,,,,,,,,,,,,,,,,,,,,,,,,,,,,,,,,,,,,,,,,,,,,,,,,,,,,,,,,,,,,,103,111,154,138,145,149,157,152,87,140,147,109,114,100,149,158,45,151,121,120,44,97,60,117,149,66,71,155,125,148,138,158,140,135,147,41,97,159,152,144,156,138,82,138,135,131,105,36,152,137,135,53
V_5628653,,,,,,,,,,,,,,,,,,,,,,,,,,,,,,,,,,,,,,,,,,,,,,,,,,,,,,,,,,,,,,,,,,,,,,,,,,,,,,,,,,,,,,,,,,,,,,,,,,,,,,,,,,,,,,,,,,,,,,,173,246,224,233,240,254,237,155,211,248,169,184,153,239,251,61,244,197,180,72,162,104,190,227,110,131,245,215,242,219,243,223,223,234,78,156,246,239,226,245,233,129,223,222,208,183,68,249,228,196,99
V_5675365,,,,,,,,,,,,,,,,,,,,,,,,,,,,,,,,,,,,,,,,,,,,,,,,,,,,,,,,,,,,,,,,,,,,,,,,,,,,,,,,,,,,,,,,,,,,,,,,,,,,,,,,,,,,,,,,,,,,,,,,259,227,253,242,268,257,156,225,255,177,190,153,249,262,59,254,194,190,76,180,103,204,239,123,129,257,220,236,223,253,236,227,243,64,171,255,252,245,258,245,147,233,229,224,184,74,259,234,216,103
V_6048571,,,,,,,,,,,,,,,,,,,,,,,,,,,,,,,,,,,,,,,,,,,,,,,,,,,,,,,,,,,,,,,,,,,,,,,,,,,,,,,,,,,,,,,,,,,,,,,,,,,,,,,,,,,,,,,,,,,,,,,,,330,364,349,391,361,227,315,376,252,274,222,366,388,92,372,269,266,109,233,146,295,348,166,197,374,319,347,329,378,330,324,353,118,241,371,373,344,382,339,205,328,333,321,272,107,373,339,301,150
V_8637963,,,,,,,,,,,,,,,,,,,,,,,,,,,,,,,,,,,,,,,,,,,,,,,,,,,,,,,,,,,,,,,,,,,,,,,,,,,,,,,,,,,,,,,,,,,,,,,,,,,,,,,,,,,,,,,,,,,,,,,,,,313,317,340,315,199,285,327,225,240,207,324,336,79,332,249,239,98,210,131,266,311,153,172,330,279,310,291,329,297,286,317,102,203,336,327,305,331,305,176,295,298,280,244,93,334,301,267,136
V_8907446,,,,,,,,,,,,,,,,,,,,,,,,,,,,,,,,,,,,,,,,,,,,,,,,,,,,,,,,,,,,,,,,,,,,,,,,,,,,,,,,,,,,,,,,,,,,,,,,,,,,,,,,,,,,,,,,,,,,,,,,,,,347,377,350,219,302,361,250,264,222,360,366,88,364,270,265,107,224,145,287,339,159,186,361,304,342,317,374,324,321,349,111,231,364,354,342,369,336,207,318,325,310,264,100,356,328,289,133
V_9129104,,,,,,,,,,,,,,,,,,,,,,,,,,,,,,,,,,,,,,,,,,,,,,,,,,,,,,,,,,,,,,,,,,,,,,,,,,,,,,,,,,,,,,,,,,,,,,,,,,,,,,,,,,,,,,,,,,,,,,,,,,,,371,338,209,298,352,245,257,219,339,361,90,353,266,263,101,225,140,281,332,154,174,350,302,336,305,353,324,313,342,100,214,354,346,333,356,328,194,313,318,307,258,91,351,321,287,135
V_10201575,,,,,,,,,,,,,,,,,,,,,,,,,,,,,,,,,,,,,,,,,,,,,,,,,,,,,,,,,,,,,,,,,,,,,,,,,,,,,,,,,,,,,,,,,,,,,,,,,,,,,,,,,,,,,,,,,,,,,,,,,,,,,379,232,324,390,257,280,230,377,396,97,388,281,278,110,240,150,307,355,176,197,385,327,353,334,390,345,344,369,118,243,386,377,363,396,352,211,342,354,332,284,109,383,351,310,150
V_10259687,,,,,,,,,,,,,,,,,,,,,,,,,,,,,,,,,,,,,,,,,,,,,,,,,,,,,,,,,,,,,,,,,,,,,,,,,,,,,,,,,,,,,,,,,,,,,,,,,,,,,,,,,,,,,,,,,,,,,,,,,,,,,,214,306,358,242,261,213,345,369,88,360,267,263,99,221,141,284,332,157,180,354,304,329,312,364,327,316,345,108,234,362,348,337,363,320,203,322,327,307,265,102,354,330,292,141
V_11057795,,,,,,,,,,,,,,,,,,,,,,,,,,,,,,,,,,,,,,,,,,,,,,,,,,,,,,,,,,,,,,,,,,,,,,,,,,,,,,,,,,,,,,,,,,,,,,,,,,,,,,,,,,,,,,,,,,,,,,,,,,,,,,,194,217,160,166,145,222,225,51,227,172,171,55,148,82,173,212,105,112,230,188,212,197,221,206,201,213,72,141,226,219,210,226,203,125,206,198,190,162,63,225,209,177,85
V_11543435,,,,,,,,,,,,,,,,,,,,,,,,,,,,,,,,,,,,,,,,,,,,,,,,,,,,,,,,,,,,,,,,,,,,,,,,,,,,,,,,,,,,,,,,,,,,,,,,,,,,,,,,,,,,,,,,,,,,,,,,,,,,,,,,316,212,229,201,314,320,83,320,237,236,87,203,123,257,299,138,153,316,269,301,275,318,282,280,304,89,200,312,312,296,316,294,174,285,273,269,232,92,316,288,265,126
V_12402917,,,,,,,,,,,,,,,,,,,,,,,,,,,,,,,,,,,,,,,,,,,,,,,,,,,,,,,,,,,,,,,,,,,,,,,,,,,,,,,,,,,,,,,,,,,,,,,,,,,,,,,,,,,,,,,,,,,,,,,,,,,,,,,,,252,271,230,360,387,91,367,276,268,110,234,148,295,348,165,193,372,314,341,321,373,331,320,353,118,239,364,363,344,378,343,205,326,329,318,266,108,368,337,293,151
V_13163014,,,,,,,,,,,,,,,,,,,,,,,,,,,,,,,,,,,,,,,,,,,,,,,,,,,,,,,,,,,,,,,,,,,,,,,,,,,,,,,,,,,,,,,,,,,,,,,,,,,,,,,,,,,,,,,,,,,,,,,,,,,,,,,,,,189,148,253,260,66,255,192,184,77,167,94,205,248,120,135,248,221,245,217,251,232,227,249,75,169,253,252,241,258,234,136,223,228,223,182,63,256,235,212,95
V_14926027,,,,,,,,,,,,,,,,,,,,,,,,,,,,,,,,,,,,,,,,,,,,,,,,,,,,,,,,,,,,,,,,,,,,,,,,,,,,,,,,,,,,,,,,,,,,,,,,,,,,,,,,,,,,,,,,,,,,,,,,,,,,,,,,,,,163,262,273,60,266,194,202,80,173,111,203,241,120,144,266,230,250,240,270,251,240,254,78,174,268,268,247,276,241,149,240,235,226,194,65,266,246,220,93
V_15052530,,,,,,,,,,,,,,,,,,,,,,,,,,,,,,,,,,,,,,,,,,,,,,,,,,,,,,,,,,,,,,,,,,,,,,,,,,,,,,,,,,,,,,,,,,,,,,,,,,,,,,,,,,,,,,,,,,,,,,,,,,,,,,,,,,,,232,235,55,225,178,164,59,155,91,190,221,108,120,230,202,212,199,233,203,203,218,67,153,227,224,219,235,215,130,209,204,196,170,64,226,214,184,88
V_16118103,,,,,,,,,,,,,,,,,,,,,,,,,,,,,,,,,,,,,,,,,,,,,,,,,,,,,,,,,,,,,,,,,,,,,,,,,,,,,,,,,,,,,,,,,,,,,,,,,,,,,,,,,,,,,,,,,,,,,,,,,,,,,,,,,,,,,369,89,367,271,263,99,229,142,291,344,162,189,367,305,342,318,363,324,322,352,110,231,366,360,342,362,333,193,325,326,315,262,99,360,328,290,136
V_17032498,,,,,,,,,,,,,,,,,,,,,,,,,,,,,,,,,,,,,,,,,,,,,,,,,,,,,,,,,,,,,,,,,,,,,,,,,,,,,,,,,,,,,,,,,,,,,,,,,,,,,,,,,,,,,,,,,,,,,,,,,,,,,,,,,,,,,,90,382,277,271,109,234,148,304,355,172,199,387,328,350,325,381,345,333,368,119,236,376,374,355,391,356,207,331,339,322,272,104,376,350,301,153
V_17040255,,,,,,,,,,,,,,,,,,,,,,,,,,,,,,,,,,,,,,,,,,,,,,,,,,,,,,,,,,,,,,,,,,,,,,,,,,,,,,,,,,,,,,,,,,,,,,,,,,,,,,,,,,,,,,,,,,,,,,,,,,,,,,,,,,,,,,,94,71,68,21,56,36,72,77,25,42,84,80,87,79,89,79,82,86,24,53,92,87,88,97,92,49,82,83,74,66,23,89,82,68,36
V_17053792,,,,,,,,,,,,,,,,,,,,,,,,,,,,,,,,,,,,,,,,,,,,,,,,,,,,,,,,,,,,,,,,,,,,,,,,,,,,,,,,,,,,,,,,,,,,,,,,,,,,,,,,,,,,,,,,,,,,,,,,,,,,,,,,,,,,,,,,272,270,102,233,141,299,340,166,199,375,311,343,328,373,330,328,363,116,237,375,365,351,380,339,203,323,334,321,269,101,371,338,295,148
V_18820919,,,,,,,,,,,,,,,,,,,,,,,,,,,,,,,,,,,,,,,,,,,,,,,,,,,,,,,,,,,,,,,,,,,,,,,,,,,,,,,,,,,,,,,,,,,,,,,,,,,,,,,,,,,,,,,,,,,,,,,,,,,,,,,,,,,,,,,,,207,77,177,110,222,263,117,146,272,232,261,242,284,254,246,268,81,174,279,269,258,274,252,156,244,248,235,197,77,277,253,223,102
V_20128792,,,,,,,,,,,,,,,,,,,,,,,,,,,,,,,,,,,,,,,,,,,,,,,,,,,,,,,,,,,,,,,,,,,,,,,,,,,,,,,,,,,,,,,,,,,,,,,,,,,,,,,,,,,,,,,,,,,,,,,,,,,,,,,,,,,,,,,,,,79,183,112,221,254,122,136,262,236,257,243,270,240,250,262,70,176,264,264,250,273,254,151,244,236,230,195,76,268,238,216,103
X_102159,,,,,,,,,,,,,,,,,,,,,,,,,,,,,,,,,,,,,,,,,,,,,,,,,,,,,,,,,,,,,,,,,,,,,,,,,,,,,,,,,,,,,,,,,,,,,,,,,,,,,,,,,,,,,,,,,,,,,,,,,,,,,,,,,,,,,,,,,,,71,45,86,101,53,54,103,93,93,85,105,102,93,98,38,68,109,106,95,108,91,57,96,94,93,87,36,108,88,86,32
X_442090,,,,,,,,,,,,,,,,,,,,,,,,,,,,,,,,,,,,,,,,,,,,,,,,,,,,,,,,,,,,,,,,,,,,,,,,,,,,,,,,,,,,,,,,,,,,,,,,,,,,,,,,,,,,,,,,,,,,,,,,,,,,,,,,,,,,,,,,,,,,90,189,215,111,121,229,200,213,205,229,216,210,224,69,145,233,232,219,238,216,133,207,207,194,168,61,226,217,197,90
X_2150836,,,,,,,,,,,,,,,,,,,,,,,,,,,,,,,,,,,,,,,,,,,,,,,,,,,,,,,,,,,,,,,,,,,,,,,,,,,,,,,,,,,,,,,,,,,,,,,,,,,,,,,,,,,,,,,,,,,,,,,,,,,,,,,,,,,,,,,,,,,,,107,136,67,77,145,114,132,122,141,130,124,135,48,90,144,144,138,147,136,86,136,130,122,110,39,141,135,127,53
X_2523160,,,,,,,,,,,,,,,,,,,,,,,,,,,,,,,,,,,,,,,,,,,,,,,,,,,,,,,,,,,,,,,,,,,,,,,,,,,,,,,,,,,,,,,,,,,,,,,,,,,,,,,,,,,,,,,,,,,,,,,,,,,,,,,,,,,,,,,,,,,,,,278,131,162,293,250,271,258,304,265,263,281,92,185,297,289,278,298,273,172,253,267,244,211,83,295,270,238,119
X_2711382,,,,,,,,,,,,,,,,,,,,,,,,,,,,,,,,,,,,,,,,,,,,,,,,,,,,,,,,,,,,,,,,,,,,,,,,,,,,,,,,,,,,,,,,,,,,,,,,,,,,,,,,,,,,,,,,,,,,,,,,,,,,,,,,,,,,,,,,,,,,,,,157,177,342,291,323,309,345,313,313,334,103,220,347,344,323,346,313,196,310,306,295,252,103,346,310,282,132
X_3014639,,,,,,,,,,,,,,,,,,,,,,,,,,,,,,,,,,,,,,,,,,,,,,,,,,,,,,,,,,,,,,,,,,,,,,,,,,,,,,,,,,,,,,,,,,,,,,,,,,,,,,,,,,,,,,,,,,,,,,,,,,,,,,,,,,,,,,,,,,,,,,,,83,170,150,156,154,167,147,149,163,58,117,163,162,155,171,146,97,155,151,147,122,44,164,149,134,67
X_3348199,,,,,,,,,,,,,,,,,,,,,,,,,,,,,,,,,,,,,,,,,,,,,,,,,,,,,,,,,,,,,,,,,,,,,,,,,,,,,,,,,,,,,,,,,,,,,,,,,,,,,,,,,,,,,,,,,,,,,,,,,,,,,,,,,,,,,,,,,,,,,,,,,199,155,171,166,193,174,180,185,62,123,193,193,169,187,171,110,164,172,165,141,55,188,178,151,69
X_3521877,,,,,,,,,,,,,,,,,,,,,,,,,,,,,,,,,,,,,,,,,,,,,,,,,,,,,,,,,,,,,,,,,,,,,,,,,,,,,,,,,,,,,,,,,,,,,,,,,,,,,,,,,,,,,,,,,,,,,,,,,,,,,,,,,,,,,,,,,,,,,,,,,,313,344,314,372,327,324,362,116,242,368,364,345,378,335,204,328,331,321,270,100,366,344,297,150
X_4982938,,,,,,,,,,,,,,,,,,,,,,,,,,,,,,,,,,,,,,,,,,,,,,,,,,,,,,,,,,,,,,,,,,,,,,,,,,,,,,,,,,,,,,,,,,,,,,,,,,,,,,,,,,,,,,,,,,,,,,,,,,,,,,,,,,,,,,,,,,,,,,,,,,,304,277,316,286,285,306,87,203,309,309,302,319,300,172,277,283,270,232,89,310,289,256,130
X_5070040,,,,,,,,,,,,,,,,,,,,,,,,,,,,,,,,,,,,,,,,,,,,,,,,,,,,,,,,,,,,,,,,,,,,,,,,,,,,,,,,,,,,,,,,,,,,,,,,,,,,,,,,,,,,,,,,,,,,,,,,,,,,,,,,,,,,,,,,,,,,,,,,,,,,298,348,314,308,333,97,222,355,338,324,340,320,186,304,308,301,258,102,342,314,289,137
X_6587421,,,,,,,,,,,,,,,,,,,,,,,,,,,,,,,,,,,,,,,,,,,,,,,,,,,,,,,,,,,,,,,,,,,,,,,,,,,,,,,,,,,,,,,,,,,,,,,,,,,,,,,,,,,,,,,,,,,,,,,,,,,,,,,,,,,,,,,,,,,,,,,,,,,,,326,292,289,307,92,205,320,315,302,327,300,169,291,293,286,227,90,321,299,262,130
X_8057925,,,,,,,,,,,,,,,,,,,,,,,,,,,,,,,,,,,,,,,,,,,,,,,,,,,,,,,,,,,,,,,,,,,,,,,,,,,,,,,,,,,,,,,,,,,,,,,,,,,,,,,,,,,,,,,,,,,,,,,,,,,,,,,,,,,,,,,,,,,,,,,,,,,,,,338,324,356,117,234,372,368,351,380,342,210,334,335,316,277,108,370,342,294,145
X_9443594,,,,,,,,,,,,,,,,,,,,,,,,,,,,,,,,,,,,,,,,,,,,,,,,,,,,,,,,,,,,,,,,,,,,,,,,,,,,,,,,,,,,,,,,,,,,,,,,,,,,,,,,,,,,,,,,,,,,,,,,,,,,,,,,,,,,,,,,,,,,,,,,,,,,,,,299,318,93,208,332,332,314,336,308,183,293,301,282,245,91,332,298,276,129
X_9617370,,,,,,,,,,,,,,,,,,,,,,,,,,,,,,,,,,,,,,,,,,,,,,,,,,,,,,,,,,,,,,,,,,,,,,,,,,,,,,,,,,,,,,,,,,,,,,,,,,,,,,,,,,,,,,,,,,,,,,,,,,,,,,,,,,,,,,,,,,,,,,,,,,,,,,,,320,91,212,329,321,303,328,298,179,291,296,275,238,86,326,298,267,125
X_10196480,,,,,,,,,,,,,,,,,,,,,,,,,,,,,,,,,,,,,,,,,,,,,,,,,,,,,,,,,,,,,,,,,,,,,,,,,,,,,,,,,,,,,,,,,,,,,,,,,,,,,,,,,,,,,,,,,,,,,,,,,,,,,,,,,,,,,,,,,,,,,,,,,,,,,,,,,110,220,353,346,336,362,324,198,314,321,308,257,95,352,329,292,138
X_10396785,,,,,,,,,,,,,,,,,,,,,,,,,,,,,,,,,,,,,,,,,,,,,,,,,,,,,,,,,,,,,,,,,,,,,,,,,,,,,,,,,,,,,,,,,,,,,,,,,,,,,,,,,,,,,,,,,,,,,,,,,,,,,,,,,,,,,,,,,,,,,,,,,,,,,,,,,,70,116,113,109,125,100,63,100,98,99,79,30,110,105,91,45
X_10438375,,,,,,,,,,,,,,,,,,,,,,,,,,,,,,,,,,,,,,,,,,,,,,,,,,,,,,,,,,,,,,,,,,,,,,,,,,,,,,,,,,,,,,,,,,,,,,,,,,,,,,,,,,,,,,,,,,,,,,,,,,,,,,,,,,,,,,,,,,,,,,,,,,,,,,,,,,,234,232,218,234,210,134,202,216,206,172,67,236,214,188,100
X_10567235,,,,,,,,,,,,,,,,,,,,,,,,,,,,,,,,,,,,,,,,,,,,,,,,,,,,,,,,,,,,,,,,,,,,,,,,,,,,,,,,,,,,,,,,,,,,,,,,,,,,,,,,,,,,,,,,,,,,,,,,,,,,,,,,,,,,,,,,,,,,,,,,,,,,,,,,,,,,363,351,373,341,208,330,336,320,276,104,370,340,302,144
X_10924139,,,,,,,,,,,,,,,,,,,,,,,,,,,,,,,,,,,,,,,,,,,,,,,,,,,,,,,,,,,,,,,,,,,,,,,,,,,,,,,,,,,,,,,,,,,,,,,,,,,,,,,,,,,,,,,,,,,,,,,,,,,,,,,,,,,,,,,,,,,,,,,,,,,,,,,,,,,,,344,371,333,205,328,327,309,268,107,364,332,294,139
X_11700917,,,,,,,,,,,,,,,,,,,,,,,,,,,,,,,,,,,,,,,,,,,,,,,,,,,,,,,,,,,,,,,,,,,,,,,,,,,,,,,,,,,,,,,,,,,,,,,,,,,,,,,,,,,,,,,,,,,,,,,,,,,,,,,,,,,,,,,,,,,,,,,,,,,,,,,,,,,,,,350,324,196,307,312,301,250,97,345,315,284,136
X_13191729,,,,,,,,,,,,,,,,,,,,,,,,,,,,,,,,,,,,,,,,,,,,,,,,,,,,,,,,,,,,,,,,,,,,,,,,,,,,,,,,,,,,,,,,,,,,,,,,,,,,,,,,,,,,,,,,,,,,,,,,,,,,,,,,,,,,,,,,,,,,,,,,,,,,,,,,,,,,,,,342,220,327,339,323,275,105,371,348,297,148
X_13250092,,,,,,,,,,,,,,,,,,,,,,,,,,,,,,,,,,,,,,,,,,,,,,,,,,,,,,,,,,,,,,,,,,,,,,,,,,,,,,,,,,,,,,,,,,,,,,,,,,,,,,,,,,,,,,,,,,,,,,,,,,,,,,,,,,,,,,,,,,,,,,,,,,,,,,,,,,,,,,,,186,298,299,293,241,92,334,317,272,136
X_13338468,,,,,,,,,,,,,,,,,,,,,,,,,,,,,,,,,,,,,,,,,,,,,,,,,,,,,,,,,,,,,,,,,,,,,,,,,,,,,,,,,,,,,,,,,,,,,,,,,,,,,,,,,,,,,,,,,,,,,,,,,,,,,,,,,,,,,,,,,,,,,,,,,,,,,,,,,,,,,,,,,177,179,174,155,60,206,191,172,93
X_13782378,,,,,,,,,,,,,,,,,,,,,,,,,,,,,,,,,,,,,,,,,,,,,,,,,,,,,,,,,,,,,,,,,,,,,,,,,,,,,,,,,,,,,,,,,,,,,,,,,,,,,,,,,,,,,,,,,,,,,,,,,,,,,,,,,,,,,,,,,,,,,,,,,,,,,,,,,,,,,,,,,,294,279,247,94,328,298,265,122
X_13949638,,,,,,,,,,,,,,,,,,,,,,,,,,,,,,,,,,,,,,,,,,,,,,,,,,,,,,,,,,,,,,,,,,,,,,,,,,,,,,,,,,,,,,,,,,,,,,,,,,,,,,,,,,,,,,,,,,,,,,,,,,,,,,,,,,,,,,,,,,,,,,,,,,,,,,,,,,,,,,,,,,,294,243,89,331,300,268,135
X_14262803,,,,,,,,,,,,,,,,,,,,,,,,,,,,,,,,,,,,,,,,,,,,,,,,,,,,,,,,,,,,,,,,,,,,,,,,,,,,,,,,,,,,,,,,,,,,,,,,,,,,,,,,,,,,,,,,,,,,,,,,,,,,,,,,,,,,,,,,,,,,,,,,,,,,,,,,,,,,,,,,,,,,229,85,309,291,256,123
X_14299711,,,,,,,,,,,,,,,,,,,,,,,,,,,,,,,,,,,,,,,,,,,,,,,,,,,,,,,,,,,,,,,,,,,,,,,,,,,,,,,,,,,,,,,,,,,,,,,,,,,,,,,,,,,,,,,,,,,,,,,,,,,,,,,,,,,,,,,,,,,,,,,,,,,,,,,,,,,,,,,,,,,,,75,268,251,221,108
X_15521295,,,,,,,,,,,,,,,,,,,,,,,,,,,,,,,,,,,,,,,,,,,,,,,,,,,,,,,,,,,,,,,,,,,,,,,,,,,,,,,,,,,,,,,,,,,,,,,,,,,,,,,,,,,,,,,,,,,,,,,,,,,,,,,,,,,,,,,,,,,,,,,,,,,,,,,,,,,,,,,,,,,,,,105,97,87,37
X_15917137,,,,,,,,,,,,,,,,,,,,,,,,,,,,,,,,,,,,,,,,,,,,,,,,,,,,,,,,,,,,,,,,,,,,,,,,,,,,,,,,,,,,,,,,,,,,,,,,,,,,,,,,,,,,,,,,,,,,,,,,,,,,,,,,,,,,,,,,,,,,,,,,,,,,,,,,,,,,,,,,,,,,,,,329,296,148
X_16641070,,,,,,,,,,,,,,,,,,,,,,,,,,,,,,,,,,,,,,,,,,,,,,,,,,,,,,,,,,,,,,,,,,,,,,,,,,,,,,,,,,,,,,,,,,,,,,,,,,,,,,,,,,,,,,,,,,,,,,,,,,,,,,,,,,,,,,,,,,,,,,,,,,,,,,,,,,,,,,,,,,,,,,,,271,140
X_16696017,,,,,,,,,,,,,,,,,,,,,,,,,,,,,,,,,,,,,,,,,,,,,,,,,,,,,,,,,,,,,,,,,,,,,,,,,,,,,,,,,,,,,,,,,,,,,,,,,,,,,,,,,,,,,,,,,,,,,,,,,,,,,,,,,,,,,,,,,,,,,,,,,,,,,,,,,,,,,,,,,,,,,,,,,118
X_17185917,,,,,,,,,,,,,,,,,,,,,,,,,,,,,,,,,,,,,,,,,,,,,,,,,,,,,,,,,,,,,,,,,,,,,,,,,,,,,,,,,,,,,,,,,,,,,,,,,,,,,,,,,,,,,,,,,,,,,,,,,,,,,,,,,,,,,,,,,,,,,,,,,,,,,,,,,,,,,,,,,,,,,,,,,
