full_id,type,block,p_focal,p_comp,ln_ci,line_mean_fitness,reg.line_mean_fitness,overall_mean_ln_ci,reg.overall_mean_ln_ci,variant,genotype,reg.line_mean_fitness_mean_scaled,r_genotype,mut,wt,reg.mut_eff,reg.overall_mean_mut_eff,reg.overall_sd_mut_eff
RIAIL_1,RIAIL,1,0.517220172201722,0.482779827798278,0.0689079421905396,-0.0529304741865563,0.256556200200866,-0.305926294694351,-3.06431097034532e-17,I_113752_snp,0.11688963,0.256556200200866,0.88311037,0.0299887593156851,0.226567440885181,0.00352568394362287,-0.00376305941892408,0.0512360325822897
RIAIL_1,RIAIL,1,0.517220172201722,0.482779827798278,0.0689079421905396,-0.0529304741865563,0.256556200200866,-0.305926294694351,-3.06431097034532e-17,I_701137_snp,0.08194054,0.256556200200866,0.91805946,0.021022353584807,0.235533846616059,-0.00180532583953238,-0.00376305941892408,0.0512360325822897
RIAIL_1,RIAIL,1,0.517220172201722,0.482779827798278,0.0689079421905396,-0.0529304741865563,0.256556200200866,-0.305926294694351,-3.06431097034532e-17,I_864367_snp,0,0.256556200200866,1,0,0.256556200200866,0.00154942102069089,-0.00376305941892408,0.0512360325822897
RIAIL_1,RIAIL,1,0.517220172201722,0.482779827798278,0.0689079421905396,-0.0529304741865563,0.256556200200866,-0.305926294694351,-3.06431097034532e-17,I_1200958_del,0,0.256556200200866,1,0,0.256556200200866,0.0062474865075551,-0.00376305941892408,0.0512360325822897
RIAIL_1,RIAIL,1,0.517220172201722,0.482779827798278,0.0689079421905396,-0.0529304741865563,0.256556200200866,-0.305926294694351,-3.06431097034532e-17,I_1549567_del,0.26059115,0.256556200200866,0.73940885,0.0668562752499738,0.189699924950892,-0.0249012482959592,-0.00376305941892408,0.0512360325822897
RIAIL_1,RIAIL,1,0.517220172201722,0.482779827798278,0.0689079421905396,-0.0529304741865563,0.256556200200866,-0.305926294694351,-3.06431097034532e-17,I_1978813_del,1,0.256556200200866,0,0.256556200200866,0,-0.00719182180417031,-0.00376305941892408,0.0512360325822897
RIAIL_1,RIAIL,1,0.517220172201722,0.482779827798278,0.0689079421905396,-0.0529304741865563,0.256556200200866,-0.305926294694351,-3.06431097034532e-17,I_3269897_del,0.23495354,0.256556200200866,0.76504646,0.0602787874461421,0.196277412754724,-0.0213940252137022,-0.00376305941892408,0.0512360325822897
RIAIL_1,RIAIL,1,0.517220172201722,0.482779827798278,0.0689079421905396,-0.0529304741865563,0.256556200200866,-0.305926294694351,-3.06431097034532e-17,I_3410849_snp,0.005180135,0.256556200200866,0.994819865,0.00132899575212751,0.255227204448738,-0.00402335025926426,-0.00376305941892408,0.0512360325822897
RIAIL_1,RIAIL,1,0.517220172201722,0.482779827798278,0.0689079421905396,-0.0529304741865563,0.256556200200866,-0.305926294694351,-3.06431097034532e-17,I_7571188_snp,0,0.256556200200866,1,0,0.256556200200866,0.0354045296406001,-0.00376305941892408,0.0512360325822897
RIAIL_1,RIAIL,1,0.517220172201722,0.482779827798278,0.0689079421905396,-0.0529304741865563,0.256556200200866,-0.305926294694351,-3.06431097034532e-17,I_7660120_snp,0,0.256556200200866,1,0,0.256556200200866,0.0430332331288386,-0.00376305941892408,0.0512360325822897
RIAIL_1,RIAIL,1,0.517220172201722,0.482779827798278,0.0689079421905396,-0.0529304741865563,0.256556200200866,-0.305926294694351,-3.06431097034532e-17,I_7974500_snp,0,0.256556200200866,1,0,0.256556200200866,0.0314923806183726,-0.00376305941892408,0.0512360325822897
RIAIL_1,RIAIL,1,0.517220172201722,0.482779827798278,0.0689079421905396,-0.0529304741865563,0.256556200200866,-0.305926294694351,-3.06431097034532e-17,I_8727486_snp,0,0.256556200200866,1,0,0.256556200200866,0.0209602757887832,-0.00376305941892408,0.0512360325822897
RIAIL_1,RIAIL,1,0.517220172201722,0.482779827798278,0.0689079421905396,-0.0529304741865563,0.256556200200866,-0.305926294694351,-3.06431097034532e-17,I_8872314_snp,0.0017802801,0.256556200200866,0.9982197199,0.000456741897749217,0.256099458303117,0.0384508810554961,-0.00376305941892408,0.0512360325822897
RIAIL_1,RIAIL,1,0.517220172201722,0.482779827798278,0.0689079421905396,-0.0529304741865563,0.256556200200866,-0.305926294694351,-3.06431097034532e-17,I_8946502_snp,0,0.256556200200866,1,0,0.256556200200866,0.0287776659800358,-0.00376305941892408,0.0512360325822897
RIAIL_1,RIAIL,1,0.517220172201722,0.482779827798278,0.0689079421905396,-0.0529304741865563,0.256556200200866,-0.305926294694351,-3.06431097034532e-17,I_9237828_snp,0,0.256556200200866,1,0,0.256556200200866,0.0299038737797429,-0.00376305941892408,0.0512360325822897
RIAIL_1,RIAIL,1,0.517220172201722,0.482779827798278,0.0689079421905396,-0.0529304741865563,0.256556200200866,-0.305926294694351,-3.06431097034532e-17,I_10709796_del,0,0.256556200200866,1,0,0.256556200200866,0.0560505522968152,-0.00376305941892408,0.0512360325822897
RIAIL_1,RIAIL,1,0.517220172201722,0.482779827798278,0.0689079421905396,-0.0529304741865563,0.256556200200866,-0.305926294694351,-3.06431097034532e-17,I_11427739_snp,0,0.256556200200866,1,0,0.256556200200866,-0.0489401662709396,-0.00376305941892408,0.0512360325822897
RIAIL_1,RIAIL,1,0.517220172201722,0.482779827798278,0.0689079421905396,-0.0529304741865563,0.256556200200866,-0.305926294694351,-3.06431097034532e-17,I_11437609_snp,0,0.256556200200866,1,0,0.256556200200866,-0.0383237401741661,-0.00376305941892408,0.0512360325822897
RIAIL_1,RIAIL,1,0.517220172201722,0.482779827798278,0.0689079421905396,-0.0529304741865563,0.256556200200866,-0.305926294694351,-3.06431097034532e-17,I_11650160_del,1,0.256556200200866,0,0.256556200200866,0,0.0327331575274224,-0.00376305941892408,0.0512360325822897
RIAIL_1,RIAIL,1,0.517220172201722,0.482779827798278,0.0689079421905396,-0.0529304741865563,0.256556200200866,-0.305926294694351,-3.06431097034532e-17,I_11663216_del,0.05977204,0.256556200200866,0.94022796,0.0153348874606542,0.241221312740212,-0.0401162046071979,-0.00376305941892408,0.0512360325822897
RIAIL_1,RIAIL,1,0.517220172201722,0.482779827798278,0.0689079421905396,-0.0529304741865563,0.256556200200866,-0.305926294694351,-3.06431097034532e-17,I_11986351_snp,1,0.256556200200866,0,0.256556200200866,0,0.0262032805265163,-0.00376305941892408,0.0512360325822897
RIAIL_1,RIAIL,1,0.517220172201722,0.482779827798278,0.0689079421905396,-0.0529304741865563,0.256556200200866,-0.305926294694351,-3.06431097034532e-17,I_12166146_snp,0,0.256556200200866,1,0,0.256556200200866,-0.0413643313417576,-0.00376305941892408,0.0512360325822897
RIAIL_1,RIAIL,1,0.517220172201722,0.482779827798278,0.0689079421905396,-0.0529304741865563,0.256556200200866,-0.305926294694351,-3.06431097034532e-17,I_12234807_del,0.3137087,0.256556200200866,0.6862913,0.0804839120419533,0.176072288158912,-0.0423703821678277,-0.00376305941892408,0.0512360325822897
RIAIL_1,RIAIL,1,0.517220172201722,0.482779827798278,0.0689079421905396,-0.0529304741865563,0.256556200200866,-0.305926294694351,-3.06431097034532e-17,I_12483916_ins,0.98886824,0.256556200200866,0.01113176,0.253700278153718,0.002855922047148,0.0434194539597493,-0.00376305941892408,0.0512360325822897
RIAIL_1,RIAIL,1,0.517220172201722,0.482779827798278,0.0689079421905396,-0.0529304741865563,0.256556200200866,-0.305926294694351,-3.06431097034532e-17,I_12483923_snp,0.9827644,0.256556200200866,0.0172356,0.252134300156684,0.00442190004418205,0.0401083635222977,-0.00376305941892408,0.0512360325822897
RIAIL_1,RIAIL,1,0.517220172201722,0.482779827798278,0.0689079421905396,-0.0529304741865563,0.256556200200866,-0.305926294694351,-3.06431097034532e-17,I_14900511_del,0,0.256556200200866,1,0,0.256556200200866,0.00439392808591914,-0.00376305941892408,0.0512360325822897
RIAIL_1,RIAIL,1,0.517220172201722,0.482779827798278,0.0689079421905396,-0.0529304741865563,0.256556200200866,-0.305926294694351,-3.06431097034532e-17,II_86562_del,1,0.256556200200866,0,0.256556200200866,0,0.0134497609058259,-0.00376305941892408,0.0512360325822897
RIAIL_1,RIAIL,1,0.517220172201722,0.482779827798278,0.0689079421905396,-0.0529304741865563,0.256556200200866,-0.305926294694351,-3.06431097034532e-17,II_1342222_snp,0,0.256556200200866,1,0,0.256556200200866,-0.0158908649946809,-0.00376305941892408,0.0512360325822897
RIAIL_1,RIAIL,1,0.517220172201722,0.482779827798278,0.0689079421905396,-0.0529304741865563,0.256556200200866,-0.305926294694351,-3.06431097034532e-17,II_1467080_del,1,0.256556200200866,0,0.256556200200866,0,0.0158839241985829,-0.00376305941892408,0.0512360325822897
RIAIL_1,RIAIL,1,0.517220172201722,0.482779827798278,0.0689079421905396,-0.0529304741865563,0.256556200200866,-0.305926294694351,-3.06431097034532e-17,II_1503018_snp,0,0.256556200200866,1,0,0.256556200200866,-0.00270389922511929,-0.00376305941892408,0.0512360325822897
RIAIL_1,RIAIL,1,0.517220172201722,0.482779827798278,0.0689079421905396,-0.0529304741865563,0.256556200200866,-0.305926294694351,-3.06431097034532e-17,II_2102592_snp,1,0.256556200200866,0,0.256556200200866,0,0.014165343975956,-0.00376305941892408,0.0512360325822897
RIAIL_1,RIAIL,1,0.517220172201722,0.482779827798278,0.0689079421905396,-0.0529304741865563,0.256556200200866,-0.305926294694351,-3.06431097034532e-17,II_3310965_snp,1,0.256556200200866,0,0.256556200200866,0,-0.0200938745581021,-0.00376305941892408,0.0512360325822897
RIAIL_1,RIAIL,1,0.517220172201722,0.482779827798278,0.0689079421905396,-0.0529304741865563,0.256556200200866,-0.305926294694351,-3.06431097034532e-17,II_3777058_snp,1,0.256556200200866,0,0.256556200200866,0,-0.0295484795273694,-0.00376305941892408,0.0512360325822897
RIAIL_1,RIAIL,1,0.517220172201722,0.482779827798278,0.0689079421905396,-0.0529304741865563,0.256556200200866,-0.305926294694351,-3.06431097034532e-17,II_3822836_snp,0,0.256556200200866,1,0,0.256556200200866,0.0402714773196949,-0.00376305941892408,0.0512360325822897
RIAIL_1,RIAIL,1,0.517220172201722,0.482779827798278,0.0689079421905396,-0.0529304741865563,0.256556200200866,-0.305926294694351,-3.06431097034532e-17,II_7659435_ins,0.027871097,0.256556200200866,0.972128903,0.00715050274174975,0.249405697459116,0.0512766222851704,-0.00376305941892408,0.0512360325822897
RIAIL_1,RIAIL,1,0.517220172201722,0.482779827798278,0.0689079421905396,-0.0529304741865563,0.256556200200866,-0.305926294694351,-3.06431097034532e-17,II_8344341_snp,1,0.256556200200866,0,0.256556200200866,0,-0.0601277442980921,-0.00376305941892408,0.0512360325822897
RIAIL_1,RIAIL,1,0.517220172201722,0.482779827798278,0.0689079421905396,-0.0529304741865563,0.256556200200866,-0.305926294694351,-3.06431097034532e-17,II_10065553_del,0,0.256556200200866,1,0,0.256556200200866,0.0416849426181432,-0.00376305941892408,0.0512360325822897
RIAIL_1,RIAIL,1,0.517220172201722,0.482779827798278,0.0689079421905396,-0.0529304741865563,0.256556200200866,-0.305926294694351,-3.06431097034532e-17,II_10198181_snp,0,0.256556200200866,1,0,0.256556200200866,0.0388600317000786,-0.00376305941892408,0.0512360325822897
RIAIL_1,RIAIL,1,0.517220172201722,0.482779827798278,0.0689079421905396,-0.0529304741865563,0.256556200200866,-0.305926294694351,-3.06431097034532e-17,II_10509770_ins,0,0.256556200200866,1,0,0.256556200200866,-0.0287929808751125,-0.00376305941892408,0.0512360325822897
RIAIL_1,RIAIL,1,0.517220172201722,0.482779827798278,0.0689079421905396,-0.0529304741865563,0.256556200200866,-0.305926294694351,-3.06431097034532e-17,II_11172345_snp,0.06758617,0.256556200200866,0.93241383,0.0173396509613297,0.239216549239536,0.038807663794822,-0.00376305941892408,0.0512360325822897
RIAIL_1,RIAIL,1,0.517220172201722,0.482779827798278,0.0689079421905396,-0.0529304741865563,0.256556200200866,-0.305926294694351,-3.06431097034532e-17,II_11438915_snp,1,0.256556200200866,0,0.256556200200866,0,0.0340483112675907,-0.00376305941892408,0.0512360325822897
RIAIL_1,RIAIL,1,0.517220172201722,0.482779827798278,0.0689079421905396,-0.0529304741865563,0.256556200200866,-0.305926294694351,-3.06431097034532e-17,II_11479230_snp,0.21788637,0.256556200200866,0.78211363,0.0559000991627599,0.200656101038106,-0.034697393855893,-0.00376305941892408,0.0512360325822897
RIAIL_1,RIAIL,1,0.517220172201722,0.482779827798278,0.0689079421905396,-0.0529304741865563,0.256556200200866,-0.305926294694351,-3.06431097034532e-17,II_12401154_snp,0,0.256556200200866,1,0,0.256556200200866,-0.0133554470743158,-0.00376305941892408,0.0512360325822897
RIAIL_1,RIAIL,1,0.517220172201722,0.482779827798278,0.0689079421905396,-0.0529304741865563,0.256556200200866,-0.305926294694351,-3.06431097034532e-17,II_12772511_snp,0.6271709,0.256556200200866,0.3728291,0.160904582980557,0.0956516172203086,0.0211560643001594,-0.00376305941892408,0.0512360325822897
RIAIL_1,RIAIL,1,0.517220172201722,0.482779827798278,0.0689079421905396,-0.0529304741865563,0.256556200200866,-0.305926294694351,-3.06431097034532e-17,II_13239948_snp,0,0.256556200200866,1,0,0.256556200200866,0.0294277903503689,-0.00376305941892408,0.0512360325822897
RIAIL_1,RIAIL,1,0.517220172201722,0.482779827798278,0.0689079421905396,-0.0529304741865563,0.256556200200866,-0.305926294694351,-3.06431097034532e-17,II_15168946_del,1,0.256556200200866,0,0.256556200200866,0,0.00574360063850937,-0.00376305941892408,0.0512360325822897
RIAIL_1,RIAIL,1,0.517220172201722,0.482779827798278,0.0689079421905396,-0.0529304741865563,0.256556200200866,-0.305926294694351,-3.06431097034532e-17,III_6210_del,1,0.256556200200866,0,0.256556200200866,0,0.0332419954369016,-0.00376305941892408,0.0512360325822897
RIAIL_1,RIAIL,1,0.517220172201722,0.482779827798278,0.0689079421905396,-0.0529304741865563,0.256556200200866,-0.305926294694351,-3.06431097034532e-17,III_335838_snp,0,0.256556200200866,1,0,0.256556200200866,0.0174930756549625,-0.00376305941892408,0.0512360325822897
RIAIL_1,RIAIL,1,0.517220172201722,0.482779827798278,0.0689079421905396,-0.0529304741865563,0.256556200200866,-0.305926294694351,-3.06431097034532e-17,III_963559_snp,1,0.256556200200866,0,0.256556200200866,0,0.0159739912689629,-0.00376305941892408,0.0512360325822897
RIAIL_1,RIAIL,1,0.517220172201722,0.482779827798278,0.0689079421905396,-0.0529304741865563,0.256556200200866,-0.305926294694351,-3.06431097034532e-17,III_1243559_snp,0,0.256556200200866,1,0,0.256556200200866,-0.00256969278392052,-0.00376305941892408,0.0512360325822897
RIAIL_1,RIAIL,1,0.517220172201722,0.482779827798278,0.0689079421905396,-0.0529304741865563,0.256556200200866,-0.305926294694351,-3.06431097034532e-17,III_1618073_ins,0,0.256556200200866,1,0,0.256556200200866,0.012828970135084,-0.00376305941892408,0.0512360325822897
RIAIL_1,RIAIL,1,0.517220172201722,0.482779827798278,0.0689079421905396,-0.0529304741865563,0.256556200200866,-0.305926294694351,-3.06431097034532e-17,III_1618081_snp,0,0.256556200200866,1,0,0.256556200200866,0.0110677640911623,-0.00376305941892408,0.0512360325822897
RIAIL_1,RIAIL,1,0.517220172201722,0.482779827798278,0.0689079421905396,-0.0529304741865563,0.256556200200866,-0.305926294694351,-3.06431097034532e-17,III_2552806_snp,0,0.256556200200866,1,0,0.256556200200866,-0.0367019658816178,-0.00376305941892408,0.0512360325822897
RIAIL_1,RIAIL,1,0.517220172201722,0.482779827798278,0.0689079421905396,-0.0529304741865563,0.256556200200866,-0.305926294694351,-3.06431097034532e-17,III_3771123_snp,1,0.256556200200866,0,0.256556200200866,0,0.0998755248939103,-0.00376305941892408,0.0512360325822897
RIAIL_1,RIAIL,1,0.517220172201722,0.482779827798278,0.0689079421905396,-0.0529304741865563,0.256556200200866,-0.305926294694351,-3.06431097034532e-17,III_4424656_snp,0,0.256556200200866,1,0,0.256556200200866,-0.111254556582595,-0.00376305941892408,0.0512360325822897
RIAIL_1,RIAIL,1,0.517220172201722,0.482779827798278,0.0689079421905396,-0.0529304741865563,0.256556200200866,-0.305926294694351,-3.06431097034532e-17,III_4618349_snp,0,0.256556200200866,1,0,0.256556200200866,-0.121013617239525,-0.00376305941892408,0.0512360325822897
RIAIL_1,RIAIL,1,0.517220172201722,0.482779827798278,0.0689079421905396,-0.0529304741865563,0.256556200200866,-0.305926294694351,-3.06431097034532e-17,III_4674547_snp,0,0.256556200200866,1,0,0.256556200200866,-0.0976445572549325,-0.00376305941892408,0.0512360325822897
RIAIL_1,RIAIL,1,0.517220172201722,0.482779827798278,0.0689079421905396,-0.0529304741865563,0.256556200200866,-0.305926294694351,-3.06431097034532e-17,III_4900887_ins,1,0.256556200200866,0,0.256556200200866,0,0.101757992392589,-0.00376305941892408,0.0512360325822897
RIAIL_1,RIAIL,1,0.517220172201722,0.482779827798278,0.0689079421905396,-0.0529304741865563,0.256556200200866,-0.305926294694351,-3.06431097034532e-17,III_5855969_snp,0.99106896,0.256556200200866,0.00893104,0.254264886514624,0.00229131368624194,0.125484391875897,-0.00376305941892408,0.0512360325822897
RIAIL_1,RIAIL,1,0.517220172201722,0.482779827798278,0.0689079421905396,-0.0529304741865563,0.256556200200866,-0.305926294694351,-3.06431097034532e-17,III_6926027_snp,1,0.256556200200866,0,0.256556200200866,0,0.136201278856842,-0.00376305941892408,0.0512360325822897
RIAIL_1,RIAIL,1,0.517220172201722,0.482779827798278,0.0689079421905396,-0.0529304741865563,0.256556200200866,-0.305926294694351,-3.06431097034532e-17,III_7228580_snp,0,0.256556200200866,1,0,0.256556200200866,-0.139127168758292,-0.00376305941892408,0.0512360325822897
RIAIL_1,RIAIL,1,0.517220172201722,0.482779827798278,0.0689079421905396,-0.0529304741865563,0.256556200200866,-0.305926294694351,-3.06431097034532e-17,III_7620901_del,0,0.256556200200866,1,0,0.256556200200866,-0.134620074892013,-0.00376305941892408,0.0512360325822897
RIAIL_1,RIAIL,1,0.517220172201722,0.482779827798278,0.0689079421905396,-0.0529304741865563,0.256556200200866,-0.305926294694351,-3.06431097034532e-17,III_8144839_snp,0.99768686,0.256556200200866,0.00231314000000005,0.255962749791933,0.000593450408932643,0.133296330011034,-0.00376305941892408,0.0512360325822897
RIAIL_1,RIAIL,1,0.517220172201722,0.482779827798278,0.0689079421905396,-0.0529304741865563,0.256556200200866,-0.305926294694351,-3.06431097034532e-17,III_8239503_snp,1,0.256556200200866,0,0.256556200200866,0,0.133067618971875,-0.00376305941892408,0.0512360325822897
RIAIL_1,RIAIL,1,0.517220172201722,0.482779827798278,0.0689079421905396,-0.0529304741865563,0.256556200200866,-0.305926294694351,-3.06431097034532e-17,III_8978025_snp,0,0.256556200200866,1,0,0.256556200200866,-0.131562018884008,-0.00376305941892408,0.0512360325822897
RIAIL_1,RIAIL,1,0.517220172201722,0.482779827798278,0.0689079421905396,-0.0529304741865563,0.256556200200866,-0.305926294694351,-3.06431097034532e-17,III_9819058_snp,0,0.256556200200866,1,0,0.256556200200866,-0.112495518101077,-0.00376305941892408,0.0512360325822897
RIAIL_1,RIAIL,1,0.517220172201722,0.482779827798278,0.0689079421905396,-0.0529304741865563,0.256556200200866,-0.305926294694351,-3.06431097034532e-17,III_10503212_ins,0.51119936,0.256556200200866,0.48880064,0.131151365346714,0.125404834854151,0.0791573905692595,-0.00376305941892408,0.0512360325822897
RIAIL_1,RIAIL,1,0.517220172201722,0.482779827798278,0.0689079421905396,-0.0529304741865563,0.256556200200866,-0.305926294694351,-3.06431097034532e-17,III_10503215_ins,0.009988965,0.256556200200866,0.990011035,0.00256273090433944,0.253993469296526,-0.0906906519204251,-0.00376305941892408,0.0512360325822897
RIAIL_1,RIAIL,1,0.517220172201722,0.482779827798278,0.0689079421905396,-0.0529304741865563,0.256556200200866,-0.305926294694351,-3.06431097034532e-17,III_10848212_ins,0,0.256556200200866,1,0,0.256556200200866,-0.111992957683982,-0.00376305941892408,0.0512360325822897
RIAIL_1,RIAIL,1,0.517220172201722,0.482779827798278,0.0689079421905396,-0.0529304741865563,0.256556200200866,-0.305926294694351,-3.06431097034532e-17,III_10848213_del,0,0.256556200200866,1,0,0.256556200200866,-0.112333621639533,-0.00376305941892408,0.0512360325822897
RIAIL_1,RIAIL,1,0.517220172201722,0.482779827798278,0.0689079421905396,-0.0529304741865563,0.256556200200866,-0.305926294694351,-3.06431097034532e-17,III_10848216_snp,0,0.256556200200866,1,0,0.256556200200866,-0.0997363997214985,-0.00376305941892408,0.0512360325822897
RIAIL_1,RIAIL,1,0.517220172201722,0.482779827798278,0.0689079421905396,-0.0529304741865563,0.256556200200866,-0.305926294694351,-3.06431097034532e-17,III_10848221_snp,0,0.256556200200866,1,0,0.256556200200866,-0.103296810370156,-0.00376305941892408,0.0512360325822897
RIAIL_1,RIAIL,1,0.517220172201722,0.482779827798278,0.0689079421905396,-0.0529304741865563,0.256556200200866,-0.305926294694351,-3.06431097034532e-17,III_10992182_snp,0.9951923,0.256556200200866,0.00480769999999997,0.25532275495716,0.00123344524370569,0.08712752433497,-0.00376305941892408,0.0512360325822897
RIAIL_1,RIAIL,1,0.517220172201722,0.482779827798278,0.0689079421905396,-0.0529304741865563,0.256556200200866,-0.305926294694351,-3.06431097034532e-17,III_11064860_snp,0.004646349,0.256556200200866,0.995353651,0.00119204964424709,0.255364150556619,-0.0642739076373946,-0.00376305941892408,0.0512360325822897
RIAIL_1,RIAIL,1,0.517220172201722,0.482779827798278,0.0689079421905396,-0.0529304741865563,0.256556200200866,-0.305926294694351,-3.06431097034532e-17,III_11485833_snp,0.028642708,0.256556200200866,0.971357292,0.00734846432794294,0.249207735872923,-0.0153785895118423,-0.00376305941892408,0.0512360325822897
RIAIL_1,RIAIL,1,0.517220172201722,0.482779827798278,0.0689079421905396,-0.0529304741865563,0.256556200200866,-0.305926294694351,-3.06431097034532e-17,III_11569397_del,1,0.256556200200866,0,0.256556200200866,0,-0.00586031730525667,-0.00376305941892408,0.0512360325822897
RIAIL_1,RIAIL,1,0.517220172201722,0.482779827798278,0.0689079421905396,-0.0529304741865563,0.256556200200866,-0.305926294694351,-3.06431097034532e-17,III_11992988_snp,0.98396283,0.256556200200866,0.01603717,0.25244176480369,0.00411443539717533,-0.067705733310567,-0.00376305941892408,0.0512360325822897
RIAIL_1,RIAIL,1,0.517220172201722,0.482779827798278,0.0689079421905396,-0.0529304741865563,0.256556200200866,-0.305926294694351,-3.06431097034532e-17,III_12523674_del,0,0.256556200200866,1,0,0.256556200200866,0.0716120410905997,-0.00376305941892408,0.0512360325822897
RIAIL_1,RIAIL,1,0.517220172201722,0.482779827798278,0.0689079421905396,-0.0529304741865563,0.256556200200866,-0.305926294694351,-3.06431097034532e-17,III_12579079_snp,0,0.256556200200866,1,0,0.256556200200866,0.0628722593144785,-0.00376305941892408,0.0512360325822897
RIAIL_1,RIAIL,1,0.517220172201722,0.482779827798278,0.0689079421905396,-0.0529304741865563,0.256556200200866,-0.305926294694351,-3.06431097034532e-17,III_12776645_snp,0.9969439,0.256556200200866,0.00305610000000001,0.255772138797432,0.000784061403433867,-0.074963514396892,-0.00376305941892408,0.0512360325822897
RIAIL_1,RIAIL,1,0.517220172201722,0.482779827798278,0.0689079421905396,-0.0529304741865563,0.256556200200866,-0.305926294694351,-3.06431097034532e-17,III_12995844_snp,1,0.256556200200866,0,0.256556200200866,0,-0.0916954303684645,-0.00376305941892408,0.0512360325822897
RIAIL_1,RIAIL,1,0.517220172201722,0.482779827798278,0.0689079421905396,-0.0529304741865563,0.256556200200866,-0.305926294694351,-3.06431097034532e-17,III_13394314_snp,1,0.256556200200866,0,0.256556200200866,0,-0.0830008363880781,-0.00376305941892408,0.0512360325822897
RIAIL_1,RIAIL,1,0.517220172201722,0.482779827798278,0.0689079421905396,-0.0529304741865563,0.256556200200866,-0.305926294694351,-3.06431097034532e-17,IV_280685_del,0.9805712,0.256556200200866,0.0194288,0.251571621098403,0.00498457910246259,-0.0327979796282435,-0.00376305941892408,0.0512360325822897
RIAIL_1,RIAIL,1,0.517220172201722,0.482779827798278,0.0689079421905396,-0.0529304741865563,0.256556200200866,-0.305926294694351,-3.06431097034532e-17,IV_360680_snp,1,0.256556200200866,0,0.256556200200866,0,-0.0271812358658105,-0.00376305941892408,0.0512360325822897
RIAIL_1,RIAIL,1,0.517220172201722,0.482779827798278,0.0689079421905396,-0.0529304741865563,0.256556200200866,-0.305926294694351,-3.06431097034532e-17,IV_1072423_snp,0.8352206,0.256556200200866,0.1647794,0.214281023465487,0.0422751767353785,-0.0193174012657891,-0.00376305941892408,0.0512360325822897
RIAIL_1,RIAIL,1,0.517220172201722,0.482779827798278,0.0689079421905396,-0.0529304741865563,0.256556200200866,-0.305926294694351,-3.06431097034532e-17,IV_1725375_snp,1,0.256556200200866,0,0.256556200200866,0,-0.0157855755541619,-0.00376305941892408,0.0512360325822897
RIAIL_1,RIAIL,1,0.517220172201722,0.482779827798278,0.0689079421905396,-0.0529304741865563,0.256556200200866,-0.305926294694351,-3.06431097034532e-17,IV_1742939_del,0.31969616,0.256556200200866,0.68030384,0.082020032028408,0.174536168172458,-0.00852054129739634,-0.00376305941892408,0.0512360325822897
RIAIL_1,RIAIL,1,0.517220172201722,0.482779827798278,0.0689079421905396,-0.0529304741865563,0.256556200200866,-0.305926294694351,-3.06431097034532e-17,IV_2050979_del,0.19341512,0.256556200200866,0.80658488,0.0496218482485945,0.206934351952271,0.0316238193060902,-0.00376305941892408,0.0512360325822897
RIAIL_1,RIAIL,1,0.517220172201722,0.482779827798278,0.0689079421905396,-0.0529304741865563,0.256556200200866,-0.305926294694351,-3.06431097034532e-17,IV_2692904_del,0.33683643,0.256556200200866,0.66316357,0.0864174745700249,0.170138725630841,-0.0123264747777858,-0.00376305941892408,0.0512360325822897
RIAIL_1,RIAIL,1,0.517220172201722,0.482779827798278,0.0689079421905396,-0.0529304741865563,0.256556200200866,-0.305926294694351,-3.06431097034532e-17,IV_3121162_snp,0,0.256556200200866,1,0,0.256556200200866,0.00521290464383111,-0.00376305941892408,0.0512360325822897
RIAIL_1,RIAIL,1,0.517220172201722,0.482779827798278,0.0689079421905396,-0.0529304741865563,0.256556200200866,-0.305926294694351,-3.06431097034532e-17,IV_4960126_snp,1,0.256556200200866,0,0.256556200200866,0,-0.0104100937434116,-0.00376305941892408,0.0512360325822897
RIAIL_1,RIAIL,1,0.517220172201722,0.482779827798278,0.0689079421905396,-0.0529304741865563,0.256556200200866,-0.305926294694351,-3.06431097034532e-17,IV_9051534_snp,1,0.256556200200866,0,0.256556200200866,0,0.0164333206577309,-0.00376305941892408,0.0512360325822897
RIAIL_1,RIAIL,1,0.517220172201722,0.482779827798278,0.0689079421905396,-0.0529304741865563,0.256556200200866,-0.305926294694351,-3.06431097034532e-17,IV_9450111_snp,1,0.256556200200866,0,0.256556200200866,0,0.0242928646326878,-0.00376305941892408,0.0512360325822897
RIAIL_1,RIAIL,1,0.517220172201722,0.482779827798278,0.0689079421905396,-0.0529304741865563,0.256556200200866,-0.305926294694351,-3.06431097034532e-17,IV_9976605_snp,1,0.256556200200866,0,0.256556200200866,0,0.0315671594614015,-0.00376305941892408,0.0512360325822897
RIAIL_1,RIAIL,1,0.517220172201722,0.482779827798278,0.0689079421905396,-0.0529304741865563,0.256556200200866,-0.305926294694351,-3.06431097034532e-17,IV_10848912_snp,0,0.256556200200866,1,0,0.256556200200866,-0.0145823639773571,-0.00376305941892408,0.0512360325822897
RIAIL_1,RIAIL,1,0.517220172201722,0.482779827798278,0.0689079421905396,-0.0529304741865563,0.256556200200866,-0.305926294694351,-3.06431097034532e-17,IV_11673421_snp,1,0.256556200200866,0,0.256556200200866,0,0.0270578906359381,-0.00376305941892408,0.0512360325822897
RIAIL_1,RIAIL,1,0.517220172201722,0.482779827798278,0.0689079421905396,-0.0529304741865563,0.256556200200866,-0.305926294694351,-3.06431097034532e-17,IV_11795712_snp,1,0.256556200200866,0,0.256556200200866,0,0.0235459924777129,-0.00376305941892408,0.0512360325822897
RIAIL_1,RIAIL,1,0.517220172201722,0.482779827798278,0.0689079421905396,-0.0529304741865563,0.256556200200866,-0.305926294694351,-3.06431097034532e-17,IV_13197234_snp,0,0.256556200200866,1,0,0.256556200200866,-0.0223845783181109,-0.00376305941892408,0.0512360325822897
RIAIL_1,RIAIL,1,0.517220172201722,0.482779827798278,0.0689079421905396,-0.0529304741865563,0.256556200200866,-0.305926294694351,-3.06431097034532e-17,IV_13266587_snp,0,0.256556200200866,1,0,0.256556200200866,-0.0358485988862964,-0.00376305941892408,0.0512360325822897
RIAIL_1,RIAIL,1,0.517220172201722,0.482779827798278,0.0689079421905396,-0.0529304741865563,0.256556200200866,-0.305926294694351,-3.06431097034532e-17,IV_15952877_del,0.3408324,0.256556200200866,0.6591676,0.0874426654493415,0.169113534751524,-0.0626937801201159,-0.00376305941892408,0.0512360325822897
RIAIL_1,RIAIL,1,0.517220172201722,0.482779827798278,0.0689079421905396,-0.0529304741865563,0.256556200200866,-0.305926294694351,-3.06431097034532e-17,IV_16161225_snp,0,0.256556200200866,1,0,0.256556200200866,0.0400495437440453,-0.00376305941892408,0.0512360325822897
RIAIL_1,RIAIL,1,0.517220172201722,0.482779827798278,0.0689079421905396,-0.0529304741865563,0.256556200200866,-0.305926294694351,-3.06431097034532e-17,IV_17386811_snp,1,0.256556200200866,0,0.256556200200866,0,-0.0286578044492661,-0.00376305941892408,0.0512360325822897
RIAIL_1,RIAIL,1,0.517220172201722,0.482779827798278,0.0689079421905396,-0.0529304741865563,0.256556200200866,-0.305926294694351,-3.06431097034532e-17,V_271202_snp,1,0.256556200200866,0,0.256556200200866,0,-0.0230584073716868,-0.00376305941892408,0.0512360325822897
RIAIL_1,RIAIL,1,0.517220172201722,0.482779827798278,0.0689079421905396,-0.0529304741865563,0.256556200200866,-0.305926294694351,-3.06431097034532e-17,V_443590_del,0.12529379,0.256556200200866,0.87470621,0.0321448986711652,0.224411301529701,0.00849870365646077,-0.00376305941892408,0.0512360325822897
RIAIL_1,RIAIL,1,0.517220172201722,0.482779827798278,0.0689079421905396,-0.0529304741865563,0.256556200200866,-0.305926294694351,-3.06431097034532e-17,V_1692282_snp,1,0.256556200200866,0,0.256556200200866,0,-0.0629891266222245,-0.00376305941892408,0.0512360325822897
RIAIL_1,RIAIL,1,0.517220172201722,0.482779827798278,0.0689079421905396,-0.0529304741865563,0.256556200200866,-0.305926294694351,-3.06431097034532e-17,V_1692283_del,1,0.256556200200866,0,0.256556200200866,0,-0.0330435924943128,-0.00376305941892408,0.0512360325822897
RIAIL_1,RIAIL,1,0.517220172201722,0.482779827798278,0.0689079421905396,-0.0529304741865563,0.256556200200866,-0.305926294694351,-3.06431097034532e-17,V_1692290_snp,1,0.256556200200866,0,0.256556200200866,0,-0.0436457292934963,-0.00376305941892408,0.0512360325822897
RIAIL_1,RIAIL,1,0.517220172201722,0.482779827798278,0.0689079421905396,-0.0529304741865563,0.256556200200866,-0.305926294694351,-3.06431097034532e-17,V_1692291_snp,1,0.256556200200866,0,0.256556200200866,0,-0.0479831660363374,-0.00376305941892408,0.0512360325822897
RIAIL_1,RIAIL,1,0.517220172201722,0.482779827798278,0.0689079421905396,-0.0529304741865563,0.256556200200866,-0.305926294694351,-3.06431097034532e-17,V_1692293_snp,1,0.256556200200866,0,0.256556200200866,0,-0.0475409318954899,-0.00376305941892408,0.0512360325822897
RIAIL_1,RIAIL,1,0.517220172201722,0.482779827798278,0.0689079421905396,-0.0529304741865563,0.256556200200866,-0.305926294694351,-3.06431097034532e-17,V_1692299_snp,1,0.256556200200866,0,0.256556200200866,0,-0.0491093441846462,-0.00376305941892408,0.0512360325822897
RIAIL_1,RIAIL,1,0.517220172201722,0.482779827798278,0.0689079421905396,-0.0529304741865563,0.256556200200866,-0.305926294694351,-3.06431097034532e-17,V_1692301_ins,1,0.256556200200866,0,0.256556200200866,0,-0.0433135116062905,-0.00376305941892408,0.0512360325822897
RIAIL_1,RIAIL,1,0.517220172201722,0.482779827798278,0.0689079421905396,-0.0529304741865563,0.256556200200866,-0.305926294694351,-3.06431097034532e-17,V_1725261_del,1,0.256556200200866,0,0.256556200200866,0,-0.0329096715933285,-0.00376305941892408,0.0512360325822897
RIAIL_1,RIAIL,1,0.517220172201722,0.482779827798278,0.0689079421905396,-0.0529304741865563,0.256556200200866,-0.305926294694351,-3.06431097034532e-17,V_3220355_del,0.9357444,0.256556200200866,0.0642556,0.240071027623239,0.0164851725776267,-0.0483908451528273,-0.00376305941892408,0.0512360325822897
RIAIL_1,RIAIL,1,0.517220172201722,0.482779827798278,0.0689079421905396,-0.0529304741865563,0.256556200200866,-0.305926294694351,-3.06431097034532e-17,V_3586235_ins,0.8741486,0.256556200200866,0.1258514,0.224268243226906,0.0322879569739592,-0.0544836038838669,-0.00376305941892408,0.0512360325822897
RIAIL_1,RIAIL,1,0.517220172201722,0.482779827798278,0.0689079421905396,-0.0529304741865563,0.256556200200866,-0.305926294694351,-3.06431097034532e-17,V_3726906_snp,0.02259805,0.256556200200866,0.97740195,0.00579766983994917,0.250758530360917,0.0287593065319844,-0.00376305941892408,0.0512360325822897
RIAIL_1,RIAIL,1,0.517220172201722,0.482779827798278,0.0689079421905396,-0.0529304741865563,0.256556200200866,-0.305926294694351,-3.06431097034532e-17,V_4369445_snp,1,0.256556200200866,0,0.256556200200866,0,-0.038955880351918,-0.00376305941892408,0.0512360325822897
RIAIL_1,RIAIL,1,0.517220172201722,0.482779827798278,0.0689079421905396,-0.0529304741865563,0.256556200200866,-0.305926294694351,-3.06431097034532e-17,V_4817310_snp,0.99391115,0.256556200200866,0.00608885000000004,0.254994067981273,0.00156213221959305,-0.0361186868956606,-0.00376305941892408,0.0512360325822897
RIAIL_1,RIAIL,1,0.517220172201722,0.482779827798278,0.0689079421905396,-0.0529304741865563,0.256556200200866,-0.305926294694351,-3.06431097034532e-17,V_5628653_del,0,0.256556200200866,1,0,0.256556200200866,0.0366827098591185,-0.00376305941892408,0.0512360325822897
RIAIL_1,RIAIL,1,0.517220172201722,0.482779827798278,0.0689079421905396,-0.0529304741865563,0.256556200200866,-0.305926294694351,-3.06431097034532e-17,V_5675365_snp,0,0.256556200200866,1,0,0.256556200200866,0.0341425169533202,-0.00376305941892408,0.0512360325822897
RIAIL_1,RIAIL,1,0.517220172201722,0.482779827798278,0.0689079421905396,-0.0529304741865563,0.256556200200866,-0.305926294694351,-3.06431097034532e-17,V_6048571_snp,0,0.256556200200866,1,0,0.256556200200866,0.0399584630280342,-0.00376305941892408,0.0512360325822897
RIAIL_1,RIAIL,1,0.517220172201722,0.482779827798278,0.0689079421905396,-0.0529304741865563,0.256556200200866,-0.305926294694351,-3.06431097034532e-17,V_8637963_snp,0,0.256556200200866,1,0,0.256556200200866,-0.0499286782410628,-0.00376305941892408,0.0512360325822897
RIAIL_1,RIAIL,1,0.517220172201722,0.482779827798278,0.0689079421905396,-0.0529304741865563,0.256556200200866,-0.305926294694351,-3.06431097034532e-17,V_8907446_snp,0.002738278,0.256556200200866,0.997261722,0.000702522198773626,0.255853678002092,0.0537009252780355,-0.00376305941892408,0.0512360325822897
RIAIL_1,RIAIL,1,0.517220172201722,0.482779827798278,0.0689079421905396,-0.0529304741865563,0.256556200200866,-0.305926294694351,-3.06431097034532e-17,V_9129104_snp,0,0.256556200200866,1,0,0.256556200200866,0.0486595874344959,-0.00376305941892408,0.0512360325822897
RIAIL_1,RIAIL,1,0.517220172201722,0.482779827798278,0.0689079421905396,-0.0529304741865563,0.256556200200866,-0.305926294694351,-3.06431097034532e-17,V_10201575_snp,1,0.256556200200866,0,0.256556200200866,0,-0.0471449924379577,-0.00376305941892408,0.0512360325822897
RIAIL_1,RIAIL,1,0.517220172201722,0.482779827798278,0.0689079421905396,-0.0529304741865563,0.256556200200866,-0.305926294694351,-3.06431097034532e-17,V_10259687_snp,0,0.256556200200866,1,0,0.256556200200866,0.0343463793004042,-0.00376305941892408,0.0512360325822897
RIAIL_1,RIAIL,1,0.517220172201722,0.482779827798278,0.0689079421905396,-0.0529304741865563,0.256556200200866,-0.305926294694351,-3.06431097034532e-17,V_11057795_snp,0.997251,0.256556200200866,0.002749,0.255850927206514,0.00070527299435218,-0.0380962205866301,-0.00376305941892408,0.0512360325822897
RIAIL_1,RIAIL,1,0.517220172201722,0.482779827798278,0.0689079421905396,-0.0529304741865563,0.256556200200866,-0.305926294694351,-3.06431097034532e-17,V_11543435_snp,0,0.256556200200866,1,0,0.256556200200866,0.0376015935144987,-0.00376305941892408,0.0512360325822897
RIAIL_1,RIAIL,1,0.517220172201722,0.482779827798278,0.0689079421905396,-0.0529304741865563,0.256556200200866,-0.305926294694351,-3.06431097034532e-17,V_12402917_snp,0,0.256556200200866,1,0,0.256556200200866,0.0492355403104858,-0.00376305941892408,0.0512360325822897
RIAIL_1,RIAIL,1,0.517220172201722,0.482779827798278,0.0689079421905396,-0.0529304741865563,0.256556200200866,-0.305926294694351,-3.06431097034532e-17,V_13163014_snp,1,0.256556200200866,0,0.256556200200866,0,-0.0322255934898982,-0.00376305941892408,0.0512360325822897
RIAIL_1,RIAIL,1,0.517220172201722,0.482779827798278,0.0689079421905396,-0.0529304741865563,0.256556200200866,-0.305926294694351,-3.06431097034532e-17,V_14926027_del,1,0.256556200200866,0,0.256556200200866,0,-0.030641803827588,-0.00376305941892408,0.0512360325822897
RIAIL_1,RIAIL,1,0.517220172201722,0.482779827798278,0.0689079421905396,-0.0529304741865563,0.256556200200866,-0.305926294694351,-3.06431097034532e-17,V_15052530_del,0,0.256556200200866,1,0,0.256556200200866,0.00654315741038428,-0.00376305941892408,0.0512360325822897
RIAIL_1,RIAIL,1,0.517220172201722,0.482779827798278,0.0689079421905396,-0.0529304741865563,0.256556200200866,-0.305926294694351,-3.06431097034532e-17,V_16118103_snp,1,0.256556200200866,0,0.256556200200866,0,0.0160137988019777,-0.00376305941892408,0.0512360325822897
RIAIL_1,RIAIL,1,0.517220172201722,0.482779827798278,0.0689079421905396,-0.0529304741865563,0.256556200200866,-0.305926294694351,-3.06431097034532e-17,V_17032498_snp,0,0.256556200200866,1,0,0.256556200200866,0.0132728286087955,-0.00376305941892408,0.0512360325822897
RIAIL_1,RIAIL,1,0.517220172201722,0.482779827798278,0.0689079421905396,-0.0529304741865563,0.256556200200866,-0.305926294694351,-3.06431097034532e-17,V_17040255_ins,0,0.256556200200866,1,0,0.256556200200866,0.0194284882841566,-0.00376305941892408,0.0512360325822897
RIAIL_1,RIAIL,1,0.517220172201722,0.482779827798278,0.0689079421905396,-0.0529304741865563,0.256556200200866,-0.305926294694351,-3.06431097034532e-17,V_17053792_snp,1,0.256556200200866,0,0.256556200200866,0,0.00648833388619085,-0.00376305941892408,0.0512360325822897
RIAIL_1,RIAIL,1,0.517220172201722,0.482779827798278,0.0689079421905396,-0.0529304741865563,0.256556200200866,-0.305926294694351,-3.06431097034532e-17,V_18820919_snp,1,0.256556200200866,0,0.256556200200866,0,-0.0371515369786161,-0.00376305941892408,0.0512360325822897
RIAIL_1,RIAIL,1,0.517220172201722,0.482779827798278,0.0689079421905396,-0.0529304741865563,0.256556200200866,-0.305926294694351,-3.06431097034532e-17,V_20128792_snp,1,0.256556200200866,0,0.256556200200866,0,0.00936130642285431,-0.00376305941892408,0.0512360325822897
RIAIL_1,RIAIL,1,0.517220172201722,0.482779827798278,0.0689079421905396,-0.0529304741865563,0.256556200200866,-0.305926294694351,-3.06431097034532e-17,X_102159_del,0.13959609,0.256556200200866,0.86040391,0.0358142424132981,0.220741957787568,-0.0193207109610502,-0.00376305941892408,0.0512360325822897
RIAIL_1,RIAIL,1,0.517220172201722,0.482779827798278,0.0689079421905396,-0.0529304741865563,0.256556200200866,-0.305926294694351,-3.06431097034532e-17,X_442090_snp,0,0.256556200200866,1,0,0.256556200200866,-0.00699882203300532,-0.00376305941892408,0.0512360325822897
RIAIL_1,RIAIL,1,0.517220172201722,0.482779827798278,0.0689079421905396,-0.0529304741865563,0.256556200200866,-0.305926294694351,-3.06431097034532e-17,X_2150836_del,0.3379908,0.256556200200866,0.6620092,0.0867136353508508,0.169842564850015,-0.00734132847029546,-0.00376305941892408,0.0512360325822897
RIAIL_1,RIAIL,1,0.517220172201722,0.482779827798278,0.0689079421905396,-0.0529304741865563,0.256556200200866,-0.305926294694351,-3.06431097034532e-17,X_2523160_del,0,0.256556200200866,1,0,0.256556200200866,-0.0341253081677484,-0.00376305941892408,0.0512360325822897
RIAIL_1,RIAIL,1,0.517220172201722,0.482779827798278,0.0689079421905396,-0.0529304741865563,0.256556200200866,-0.305926294694351,-3.06431097034532e-17,X_2711382_snp,1,0.256556200200866,0,0.256556200200866,0,0.0235848108156791,-0.00376305941892408,0.0512360325822897
RIAIL_1,RIAIL,1,0.517220172201722,0.482779827798278,0.0689079421905396,-0.0529304741865563,0.256556200200866,-0.305926294694351,-3.06431097034532e-17,X_3014639_ins,0,0.256556200200866,1,0,0.256556200200866,-0.0174765712400459,-0.00376305941892408,0.0512360325822897
RIAIL_1,RIAIL,1,0.517220172201722,0.482779827798278,0.0689079421905396,-0.0529304741865563,0.256556200200866,-0.305926294694351,-3.06431097034532e-17,X_3348199_del,0.8393482,0.256556200200866,0.1606518,0.215339984837436,0.0412162153634294,0.0141530981003119,-0.00376305941892408,0.0512360325822897
RIAIL_1,RIAIL,1,0.517220172201722,0.482779827798278,0.0689079421905396,-0.0529304741865563,0.256556200200866,-0.305926294694351,-3.06431097034532e-17,X_3521877_snp,0.712735,0.256556200200866,0.287265,0.182856583350164,0.0736996168507017,0.0155915924420114,-0.00376305941892408,0.0512360325822897
RIAIL_1,RIAIL,1,0.517220172201722,0.482779827798278,0.0689079421905396,-0.0529304741865563,0.256556200200866,-0.305926294694351,-3.06431097034532e-17,X_4982938_ins,1,0.256556200200866,0,0.256556200200866,0,0.0463789188310804,-0.00376305941892408,0.0512360325822897
RIAIL_1,RIAIL,1,0.517220172201722,0.482779827798278,0.0689079421905396,-0.0529304741865563,0.256556200200866,-0.305926294694351,-3.06431097034532e-17,X_5070040_snp,1,0.256556200200866,0,0.256556200200866,0,0.0391451238618254,-0.00376305941892408,0.0512360325822897
RIAIL_1,RIAIL,1,0.517220172201722,0.482779827798278,0.0689079421905396,-0.0529304741865563,0.256556200200866,-0.305926294694351,-3.06431097034532e-17,X_6587421_snp,0,0.256556200200866,1,0,0.256556200200866,-0.0276625204893323,-0.00376305941892408,0.0512360325822897
RIAIL_1,RIAIL,1,0.517220172201722,0.482779827798278,0.0689079421905396,-0.0529304741865563,0.256556200200866,-0.305926294694351,-3.06431097034532e-17,X_8057925_snp,0,0.256556200200866,1,0,0.256556200200866,-0.0208396813580282,-0.00376305941892408,0.0512360325822897
RIAIL_1,RIAIL,1,0.517220172201722,0.482779827798278,0.0689079421905396,-0.0529304741865563,0.256556200200866,-0.305926294694351,-3.06431097034532e-17,X_9443594_snp,0,0.256556200200866,1,0,0.256556200200866,-0.0109645210650047,-0.00376305941892408,0.0512360325822897
RIAIL_1,RIAIL,1,0.517220172201722,0.482779827798278,0.0689079421905396,-0.0529304741865563,0.256556200200866,-0.305926294694351,-3.06431097034532e-17,X_9617370_snp,0,0.256556200200866,1,0,0.256556200200866,-0.0172759220306053,-0.00376305941892408,0.0512360325822897
RIAIL_1,RIAIL,1,0.517220172201722,0.482779827798278,0.0689079421905396,-0.0529304741865563,0.256556200200866,-0.305926294694351,-3.06431097034532e-17,X_10196480_snp,0,0.256556200200866,1,0,0.256556200200866,-0.00550122774254007,-0.00376305941892408,0.0512360325822897
RIAIL_1,RIAIL,1,0.517220172201722,0.482779827798278,0.0689079421905396,-0.0529304741865563,0.256556200200866,-0.305926294694351,-3.06431097034532e-17,X_10396785_del,0.22174914,0.256556200200866,0.77825086,0.0568911167562098,0.199665083444656,0.00436315316453611,-0.00376305941892408,0.0512360325822897
RIAIL_1,RIAIL,1,0.517220172201722,0.482779827798278,0.0689079421905396,-0.0529304741865563,0.256556200200866,-0.305926294694351,-3.06431097034532e-17,X_10438375_snp,1,0.256556200200866,0,0.256556200200866,0,0.0373224580591463,-0.00376305941892408,0.0512360325822897
RIAIL_1,RIAIL,1,0.517220172201722,0.482779827798278,0.0689079421905396,-0.0529304741865563,0.256556200200866,-0.305926294694351,-3.06431097034532e-17,X_10567235_snp,0.0005521673,0.256556200200866,0.9994478327,0.000141661944363172,0.256414538256503,-0.00947765184676554,-0.00376305941892408,0.0512360325822897
RIAIL_1,RIAIL,1,0.517220172201722,0.482779827798278,0.0689079421905396,-0.0529304741865563,0.256556200200866,-0.305926294694351,-3.06431097034532e-17,X_10924139_del,0,0.256556200200866,1,0,0.256556200200866,-0.0190525183526185,-0.00376305941892408,0.0512360325822897
RIAIL_1,RIAIL,1,0.517220172201722,0.482779827798278,0.0689079421905396,-0.0529304741865563,0.256556200200866,-0.305926294694351,-3.06431097034532e-17,X_11700917_snp,1,0.256556200200866,0,0.256556200200866,0,0.0166356206729701,-0.00376305941892408,0.0512360325822897
RIAIL_1,RIAIL,1,0.517220172201722,0.482779827798278,0.0689079421905396,-0.0529304741865563,0.256556200200866,-0.305926294694351,-3.06431097034532e-17,X_13191729_snp,1,0.256556200200866,0,0.256556200200866,0,0.0217600406320626,-0.00376305941892408,0.0512360325822897
RIAIL_1,RIAIL,1,0.517220172201722,0.482779827798278,0.0689079421905396,-0.0529304741865563,0.256556200200866,-0.305926294694351,-3.06431097034532e-17,X_13250092_snp,1,0.256556200200866,0,0.256556200200866,0,0.0473858876660565,-0.00376305941892408,0.0512360325822897
RIAIL_1,RIAIL,1,0.517220172201722,0.482779827798278,0.0689079421905396,-0.0529304741865563,0.256556200200866,-0.305926294694351,-3.06431097034532e-17,X_13338468_ins,0,0.256556200200866,1,0,0.256556200200866,-0.0146864925856181,-0.00376305941892408,0.0512360325822897
RIAIL_1,RIAIL,1,0.517220172201722,0.482779827798278,0.0689079421905396,-0.0529304741865563,0.256556200200866,-0.305926294694351,-3.06431097034532e-17,X_13782378_snp,1,0.256556200200866,0,0.256556200200866,0,0.0491468418201699,-0.00376305941892408,0.0512360325822897
RIAIL_1,RIAIL,1,0.517220172201722,0.482779827798278,0.0689079421905396,-0.0529304741865563,0.256556200200866,-0.305926294694351,-3.06431097034532e-17,X_13949638_snp,1,0.256556200200866,0,0.256556200200866,0,0.0440316845914825,-0.00376305941892408,0.0512360325822897
RIAIL_1,RIAIL,1,0.517220172201722,0.482779827798278,0.0689079421905396,-0.0529304741865563,0.256556200200866,-0.305926294694351,-3.06431097034532e-17,X_14262803_ins,1,0.256556200200866,0,0.256556200200866,0,0.0663318166346131,-0.00376305941892408,0.0512360325822897
RIAIL_1,RIAIL,1,0.517220172201722,0.482779827798278,0.0689079421905396,-0.0529304741865563,0.256556200200866,-0.305926294694351,-3.06431097034532e-17,X_14299711_del,0,0.256556200200866,1,0,0.256556200200866,-0.0475023407582035,-0.00376305941892408,0.0512360325822897
RIAIL_1,RIAIL,1,0.517220172201722,0.482779827798278,0.0689079421905396,-0.0529304741865563,0.256556200200866,-0.305926294694351,-3.06431097034532e-17,X_15521295_del,0.2792919,0.256556200200866,0.7207081,0.0716540686108802,0.184902131589986,-0.0124633123637954,-0.00376305941892408,0.0512360325822897
RIAIL_1,RIAIL,1,0.517220172201722,0.482779827798278,0.0689079421905396,-0.0529304741865563,0.256556200200866,-0.305926294694351,-3.06431097034532e-17,X_15917137_snp,1,0.256556200200866,0,0.256556200200866,0,0.0425200243445378,-0.00376305941892408,0.0512360325822897
RIAIL_1,RIAIL,1,0.517220172201722,0.482779827798278,0.0689079421905396,-0.0529304741865563,0.256556200200866,-0.305926294694351,-3.06431097034532e-17,X_16641070_ins,0,0.256556200200866,1,0,0.256556200200866,-0.0115445782950611,-0.00376305941892408,0.0512360325822897
RIAIL_1,RIAIL,1,0.517220172201722,0.482779827798278,0.0689079421905396,-0.0529304741865563,0.256556200200866,-0.305926294694351,-3.06431097034532e-17,X_16696017_snp,1,0.256556200200866,0,0.256556200200866,0,0.00955002301446151,-0.00376305941892408,0.0512360325822897
RIAIL_1,RIAIL,1,0.517220172201722,0.482779827798278,0.0689079421905396,-0.0529304741865563,0.256556200200866,-0.305926294694351,-3.06431097034532e-17,X_17185917_ins,0.006818663,0.256556200200866,0.993181337,0.00174937026973024,0.254806829931136,-0.0113926413230623,-0.00376305941892408,0.0512360325822897
