Locus,Parent,Chromosome,Position,Reference allele,Mutant allele,Mutation type,Effect (marginal),Effect (Bayesian posterior mean),Consequence
I_113752_snp,MA530,I,113752,T,A,SNP,-0.124125863399736,0.00639008634399539,upstream_gene_variant
I_701137_snp,MA530,I,701137,G,A,SNP,-0.153465895659859,-0.0121201368954574,intron_variant
I_864367_snp,MA530,I,864367,T,A,SNP,-0.108484590795949,-0.00381550979609062,intron_variant
I_1200958_del,MA530,I,1200958,AT,A,del,-0.337327901847904,-0.00975804684956753,intron_variant
I_1549567_del,MA563,I,1549567,AC,A,del,-0.302095459422927,-0.0389042723711392,intron_variant
I_1978813_del,MA530,I,1978813,GA,G,del,-0.133262344656603,-0.00421000696179537,intron_variant
I_3269897_del,MA563,I,3269897,GT,G,del,-0.16311160464609,-0.058689136244921,intron_variant
I_3410849_snp,MA563,I,3410849,G,C,SNP,-0.110634306672758,-0.0419886065462966,non_coding_transcript_exon_variant
I_7571188_snp,MA563,I,7571188,A,G,SNP,0.0437450314190965,0.0273015009590259,upstream_gene_variant
I_7660120_snp,MA563,I,7660120,G,C,SNP,0.0285432855822796,0.0396936495068849,upstream_gene_variant
I_7974500_snp,MA563,I,7974500,G,C,SNP,-0.00844730563583233,0.00497666843009627,missense_variant
I_8727486_snp,MA563,I,8727486,T,A,SNP,0.0158958789200917,-0.0444569379641864,intron_variant
I_8872314_snp,MA563,I,8872314,G,A,SNP,0.0239224342458754,0.0370759849549088,intron_variant
I_8946502_snp,MA563,I,8946502,A,T,SNP,-0.085490120423657,-0.000510606898427389,upstream_gene_variant
I_9237828_snp,MA563,I,9237828,A,T,SNP,-0.146557504914278,-0.00206305336250163,intron_variant
I_10709796_del,MA563,I,10709796,AAC,A,del,0.0304401173626245,0.0571460264760151,missense_variant
I_11427739_snp,MA530,I,11427739,T,A,SNP,-0.20493559023303,-0.019086655016332,upstream_gene_variant
I_11437609_snp,MA530,I,11437609,A,C,SNP,-0.193882892615534,-0.000215256084670094,upstream_gene_variant
I_11650160_del,MA563,I,11650160,AAGG,A,del,-0.0128632843389021,-0.0255267237962613,missense_variant
I_11663216_del,MA530,I,11663216,CA,C,del,-0.287042312471303,-0.0411186228424935,upstream_gene_variant
I_11986351_snp,MA563,I,11986351,C,G,SNP,-0.00603903679965519,-0.0188019953634661,upstream_gene_variant
I_12166146_snp,MA530,I,12166146,A,C,SNP,-0.182377310428544,-0.0340980923193293,intron_variant
I_12234807_del,MA530,I,12234807,GT,G,del,-0.240321250021721,-0.0304639208323484,intron_variant
I_12483916_ins,MA563,I,12483916,G,GT,ins,0.0374491680651037,-0.000347146718140431,splice_donor_region_variant
I_12483923_snp,MA563,I,12483923,C,T,SNP,0.032046723770836,0.0007187369322785,intron_variant
I_14900511_del,MA530,I,14900511,CTAACCAAATAT,C,del,-0.125035683743169,-0.0152403573710151,upstream_gene_variant
II_86562_del,MA530,II,86562,AG,A,del,-0.213965827346715,-0.00189710354158125,intron_variant
II_1342222_snp,MA563,II,1342222,T,G,SNP,-0.186582483928351,-0.0143467399305584,intron_variant
II_1467080_del,MA530,II,1467080,TAGGCCAATTC,T,del,-0.0306341562915562,0.00707975468465812,upstream_gene_variant
II_1503018_snp,MA563,II,1503018,C,T,SNP,-0.0756038248004328,0.000281519399610278,upstream_gene_variant
II_2102592_snp,MA530,II,2102592,A,T,SNP,-0.0694629136420298,-0.0169927851194415,intron_variant
II_3310965_snp,MA563,II,3310965,T,A,SNP,-0.191833352756548,-0.0196219240093242,upstream_gene_variant
II_3777058_snp,MA563,II,3777058,C,T,SNP,-0.15743851344123,-0.0134369592282473,splice_polypyrimidine_tract_variant
II_3822836_snp,MA530,II,3822836,G,C,SNP,-0.0123997607762314,-0.00143984244314337,upstream_gene_variant
II_7659435_ins,MA530,II,7659435,G,GT,ins,0.0388778708459326,0.0344901324637384,intron_variant
II_8344341_snp,MA563,II,8344341,G,A,SNP,-0.223347219092271,-0.0406963329980931,upstream_gene_variant
II_10065553_del,MA530,II,10065553,CG,C,del,-0.145105537918785,-0.00386643589510547,intron_variant
II_10198181_snp,MA530,II,10198181,A,G,SNP,-0.046002070683314,-0.00468383167868876,stop_retained_variant
II_10509770_ins,MA563,II,10509770,C,CA,ins,-0.25452399410816,-0.00658883616402201,intron_variant
II_11172345_snp,MA530,II,11172345,T,A,SNP,-0.0368302562001619,-0.0071220854195138,intron_variant
II_11438915_snp,MA530,II,11438915,G,A,SNP,-0.0123015100287177,-0.0183312849763625,upstream_gene_variant
II_11479230_snp,MA563,II,11479230,C,A,SNP,-0.0279837094796654,-0.00974169995958568,upstream_gene_variant
II_12401154_snp,MA563,II,12401154,G,A,SNP,-0.131445033452323,-0.00140318365654118,intron_variant
II_12772511_snp,MA530,II,12772511,A,T,SNP,-0.158278995427109,0.00376336152668843,intron_variant
II_13239948_snp,MA563,II,13239948,A,C,SNP,0.0150681040701741,0.0103973088041257,intron_variant
II_15168946_del,MA530,II,15168946,TAGC,T,del,-0.0626886045999428,-0.0118102688016209,protein_altering_variant
III_6210_del,MA530,III,6210,CAT,C,del,0.0174011228627997,0.00943117802090097,intron_variant
III_335838_snp,MA563,III,335838,A,T,SNP,-0.0865136563080907,-0.011471916727316,intron_variant
III_963559_snp,MA530,III,963559,A,G,SNP,-0.0309416293321351,0.00377503297855585,3_prime_UTR_variant
III_1243559_snp,MA563,III,1243559,G,T,SNP,-0.0334300258386022,-0.00352365977852528,missense_variant
III_1618073_ins,MA563,III,1618073,G,GAGA,ins,-0.0327518013635869,0.033693337122952,
III_1618081_snp,MA563,III,1618081,A,C,SNP,-0.0510271063009172,0.0347250297524582,intron_variant
III_2552806_snp,MA563,III,2552806,C,A,SNP,-0.166991335160786,0.000896768572842499,intron_variant
III_3771123_snp,MA530,III,3771123,A,T,SNP,0.201540449826519,-0.0386911983967826,downstream_gene_variant
III_4424656_snp,MA563,III,4424656,A,G,SNP,-0.363791786286927,-0.0161146550688647,splice_donor_region_variant
III_4618349_snp,MA563,III,4618349,T,C,SNP,-0.362697434694247,-0.0433387538108388,intron_variant
III_4674547_snp,MA563,III,4674547,C,T,SNP,-0.32023349747245,0.0498937872300732,upstream_gene_variant
III_4900887_ins,MA530,III,4900887,A,AT,ins,0.130228545553255,-0.0473685581545366,frameshift_variant
III_5855969_snp,MA530,III,5855969,T,C,SNP,0.266449858074914,0.0362919653735861,upstream_gene_variant
III_6926027_snp,MA530,III,6926027,A,G,SNP,0.365636629389881,0.0752627055292564,intron_variant
III_7228580_snp,MA563,III,7228580,C,T,SNP,-0.442926486899111,-0.160491380109432,missense_variant
III_7620901_del,MA563,III,7620901,AATG,A,del,-0.499134748696086,-0.0727391355992536,upstream_gene_variant
III_8144839_snp,MA530,III,8144839,A,T,SNP,0.327079896136833,0.0271615526411969,upstream_gene_variant
III_8239503_snp,MA530,III,8239503,A,T,SNP,0.259534269706458,0.0168557074440948,upstream_gene_variant
III_8978025_snp,MA563,III,8978025,G,T,SNP,-0.443861698821813,-0.0382987599658561,stop_gained
III_9819058_snp,MA563,III,9819058,C,A,SNP,-0.393216776255891,0.0301977267844434,5_prime_UTR_variant
III_10503212_ins,MA530,III,10503212,G,GT,ins,0.193485919731279,-0.0154209636251978,intron_variant
III_10503215_ins,MA563,III,10503215,T,TA,ins,-0.392059308911195,-0.0661906474254978,intron_variant
III_10848212_ins,MA563,III,10848212,C,CTA,ins,-0.351301863991067,-0.102225638888821,
III_10848213_del,MA563,III,10848213,GTGA,G,del,-0.352942252003929,-0.0415641564498077,missense_variant
III_10848216_snp,MA563,III,10848216,A,G,SNP,-0.323344020604053,0.0160260398625157,synonymous_variant
III_10848221_snp,MA563,III,10848221,T,G,SNP,-0.352083679172282,-0.0199342515871216,missense_variant
III_10992182_snp,MA530,III,10992182,C,A,SNP,0.155519690761532,-0.0145448714115326,missense_variant
III_11064860_snp,MA563,III,11064860,G,A,SNP,-0.273252137625207,0.0420320800409543,intron_variant
III_11485833_snp,MA563,III,11485833,A,T,SNP,-0.235885338573409,0.00314378513826504,intron_variant
III_11569397_del,MA530,III,11569397,CA,C,del,-0.189427380814666,0.0193920281714006,intron_variant
III_11992988_snp,MA530,III,11992988,C,T,SNP,-0.164033776126251,-0.111680792431766,intron_variant
III_12523674_del,MA563,III,12523674,AT,A,del,0.0177655371886571,0.0737211176578118,intron_variant
III_12579079_snp,MA563,III,12579079,A,G,SNP,0.0584940915199314,0.0116113222755015,upstream_gene_variant
III_12776645_snp,MA530,III,12776645,A,T,SNP,-0.265900013866789,-0.056935120050776,intron_variant
III_12995844_snp,MA530,III,12995844,C,T,SNP,-0.224722960748991,-0.0616069821886072,3_prime_UTR_variant
III_13394314_snp,MA530,III,13394314,T,C,SNP,-0.20075016415779,-0.0351295400131649,missense_variant
IV_280685_del,MA530,IV,280685,GC,G,del,-0.227516279607203,-0.0177272352761812,upstream_gene_variant
IV_360680_snp,MA530,IV,360680,C,A,SNP,-0.127929521061712,-0.0158722151788853,intron_variant
IV_1072423_snp,MA530,IV,1072423,A,G,SNP,-0.0932222083750321,-0.0205310754139165,upstream_gene_variant
IV_1725375_snp,MA563,IV,1725375,C,A,SNP,-0.158587205217737,-0.0174922271641314,upstream_gene_variant
IV_1742939_del,MA563,IV,1742939,AT,A,del,-0.227653598725296,0.0020905738433962,intron_variant
IV_2050979_del,MA530,IV,2050979,TTCAAAAAAC,T,del,0.00427517139850769,0.0273995611501708,upstream_gene_variant
IV_2692904_del,MA563,IV,2692904,CA,C,del,-0.426341013476337,-0.00518298210024811,intron_variant
IV_3121162_snp,MA530,IV,3121162,G,T,SNP,-0.0456188484743527,-0.00361776186159971,intron_variant
IV_4960126_snp,MA563,IV,4960126,C,T,SNP,-0.128632910111477,-0.0225917837100906,upstream_gene_variant
IV_9051534_snp,MA563,IV,9051534,C,T,SNP,-0.0783082914581862,-0.0316344169191375,intergenic_variant
IV_9450111_snp,MA563,IV,9450111,C,A,SNP,-0.108542366219682,-0.00733355403350021,intron_variant
IV_9976605_snp,MA563,IV,9976605,A,G,SNP,-0.0146791543087117,0.0211300262436619,upstream_gene_variant
IV_10848912_snp,MA530,IV,10848912,T,G,SNP,-0.0401095353680496,0.0188278065544644,upstream_gene_variant
IV_11673421_snp,MA563,IV,11673421,A,G,SNP,-0.0864687717002031,0.00465734812214176,upstream_gene_variant
IV_11795712_snp,MA563,IV,11795712,T,G,SNP,-0.0640092765062777,0.00590039154218255,upstream_gene_variant
IV_13197234_snp,MA530,IV,13197234,C,T,SNP,-0.0322253580082709,-0.000461190077912755,synonymous_variant
IV_13266587_snp,MA530,IV,13266587,T,A,SNP,-0.093307508902784,-0.0282037862559042,intron_variant
IV_15952877_del,MA530,IV,15952877,AT,A,del,-0.225163347901869,-0.0605873626866965,intron_variant
IV_16161225_snp,MA563,IV,16161225,G,T,SNP,0.0219131011609542,0.0249581400212753,intron_variant
IV_17386811_snp,MA530,IV,17386811,T,A,SNP,-0.180668219873442,-0.0202442707494255,3_prime_UTR_variant
V_271202_snp,MA563,V,271202,C,T,SNP,-0.149797152468456,0.0200747135778453,missense_variant
V_443590_del,MA530,V,443590,GA,G,del,-0.182640944075647,-0.0163950644652096,upstream_gene_variant
V_1692282_snp,MA563,V,1692282,A,C,SNP,-0.187193600838009,-0.059233314822607,5_prime_UTR_variant
V_1692283_del,MA563,V,1692283,TC,T,del,-0.196928073088347,0.0366064604528352,5_prime_UTR_variant
V_1692290_snp,MA563,V,1692290,C,T,SNP,-0.190145270629373,-0.00195572059206836,5_prime_UTR_variant
V_1692291_snp,MA563,V,1692291,G,C,SNP,-0.193416077295248,-0.00955791964468174,5_prime_UTR_variant
V_1692293_snp,MA563,V,1692293,T,C,SNP,-0.188954702349632,-0.010911774964462,5_prime_UTR_variant
V_1692299_snp,MA563,V,1692299,G,C,SNP,-0.190034194907524,-0.0277627830329929,5_prime_UTR_variant
V_1692301_ins,MA563,V,1692301,G,GA,ins,-0.183814153692531,-0.0161758113106263,5_prime_UTR_variant
V_1725261_del,MA563,V,1725261,AT,A,del,-0.162349361929868,0.00762066982189249,upstream_gene_variant
V_3220355_del,MA563,V,3220355,AT,A,del,-0.631091494935792,-0.030309477770614,intron_variant
V_3586235_ins,MA563,V,3586235,G,GCA,ins,-0.322838891043436,-0.027909352897714,
V_3726906_snp,MA530,V,3726906,A,G,SNP,-0.0988410550204901,-0.00920149642673878,upstream_gene_variant
V_4369445_snp,MA563,V,4369445,T,A,SNP,-0.151019494200418,-0.00216154593637327,3_prime_UTR_variant
V_4817310_snp,MA563,V,4817310,T,A,SNP,-0.177315238167945,-0.00218865469245848,intron_variant
V_5628653_del,MA530,V,5628653,TA,T,del,-0.0683332888670863,-0.00468849293932489,intron_variant
V_5675365_snp,MA530,V,5675365,T,A,SNP,0.0355296221111754,-0.0109042512100824,intron_variant
V_6048571_snp,MA530,V,6048571,C,T,SNP,-0.000535056013725874,0.00893159928109582,missense_variant
V_8637963_snp,MA563,V,8637963,T,C,SNP,-0.242308098703323,-0.0292437201635679,upstream_gene_variant
V_8907446_snp,MA530,V,8907446,A,T,SNP,0.0279623549038476,0.0194803314961663,intron_variant
V_9129104_snp,MA530,V,9129104,G,A,SNP,0.0264678791825336,0.00599969557015733,missense_variant
V_10201575_snp,MA563,V,10201575,T,C,SNP,-0.102574295428383,-0.051781547986618,upstream_gene_variant
V_10259687_snp,MA530,V,10259687,A,T,SNP,-0.0163505054225348,-0.0359349887438707,intron_variant
V_11057795_snp,MA563,V,11057795,C,T,SNP,-0.165729963639019,0.00273214140693123,upstream_gene_variant
V_11543435_snp,MA530,V,11543435,A,T,SNP,0.0385474219950771,-0.00279047440551619,upstream_gene_variant
V_12402917_snp,MA530,V,12402917,C,A,SNP,-0.0149152356731717,0.0229960634410238,missense_variant
V_13163014_snp,MA563,V,13163014,T,A,SNP,-0.253765133441343,-0.00629630323369747,intron_variant
V_14926027_del,MA563,V,14926027,GA,G,del,-0.139924639181103,-0.0225452658449892,upstream_gene_variant
V_15052530_del,MA530,V,15052530,GA,G,del,-0.165224544283329,-0.0256942628275288,upstream_gene_variant
V_16118103_snp,MA563,V,16118103,A,C,SNP,-0.0256092040822762,0.0343147223691427,missense_variant
V_17032498_snp,MA563,V,17032498,C,T,SNP,-0.0344463469898598,0.0317865505264506,intron_variant
V_17040255_ins,MA530,V,17040255,A,AG,ins,0.0327040818510427,0.0190272843983353,upstream_gene_variant
V_17053792_snp,MA530,V,17053792,G,A,SNP,-0.0629439479428566,0.0112294836633519,non_coding_transcript_exon_variant
V_18820919_snp,MA530,V,18820919,A,G,SNP,-0.233569398550263,-0.0977269542705216,intron_variant
V_20128792_snp,MA563,V,20128792,G,A,SNP,-0.0521240935501858,0.00437857845662071,intron_variant
X_102159_del,MA563,X,102159,AT,A,del,-0.126031019269632,-0.0539018817603831,intron_variant
X_442090_snp,MA563,X,442090,A,T,SNP,-0.0675990042195313,-0.0168063864038384,downstream_gene_variant
X_2150836_del,MA563,X,2150836,AG,A,del,-0.144982149100357,-0.00468433379482611,upstream_gene_variant
X_2523160_del,MA563,X,2523160,TA,T,del,-0.181806538308532,-0.0270804251063864,upstream_gene_variant
X_2711382_snp,MA530,X,2711382,G,A,SNP,-0.0772219462741862,0.0267340744806235,3_prime_UTR_variant
X_3014639_ins,MA530,X,3014639,A,AC,ins,-0.186514170262998,-0.00419400119502264,intron_variant
X_3348199_del,MA563,X,3348199,CT,C,del,-0.109820050024848,0.0330525275311348,upstream_gene_variant
X_3521877_snp,MA563,X,3521877,T,G,SNP,-0.0515940096241681,0.0126771129230364,intron_variant
X_4982938_ins,MA563,X,4982938,A,AG,ins,-0.00465228490671716,0.0205505026661657,intron_variant
X_5070040_snp,MA563,X,5070040,G,A,SNP,-0.0260095664003119,0.0369751492487162,intron_variant
X_6587421_snp,MA530,X,6587421,T,A,SNP,-0.19434605033233,0.00336862687195358,upstream_gene_variant
X_8057925_snp,MA530,X,8057925,A,T,SNP,-0.148271198671836,-0.0081768872319439,intron_variant
X_9443594_snp,MA530,X,9443594,A,T,SNP,-0.164737799782463,0.0281153703170685,upstream_gene_variant
X_9617370_snp,MA530,X,9617370,A,G,SNP,-0.104773385445703,-0.0245031850951628,splice_donor_region_variant
X_10196480_snp,MA530,X,10196480,A,T,SNP,-0.140040022938912,-0.00969968450054575,upstream_gene_variant
X_10396785_del,MA530,X,10396785,AC,A,del,-0.183084212283458,0.014597662879729,upstream_gene_variant
X_10438375_snp,MA563,X,10438375,T,A,SNP,0.0171355473619414,0.0173574704799494,downstream_gene_variant
X_10567235_snp,MA530,X,10567235,G,A,SNP,-0.141333880681053,0.017242694760728,upstream_gene_variant
X_10924139_del,MA530,X,10924139,GAAATGT,G,del,-0.110333446499607,-0.00515355730660943,intron_variant
X_11700917_snp,MA563,X,11700917,T,A,SNP,-0.0399188189502666,-0.0402825013471919,upstream_gene_variant
X_13191729_snp,MA563,X,13191729,G,T,SNP,-0.0733035638933474,-0.00602097924051903,missense_variant
X_13250092_snp,MA563,X,13250092,A,T,SNP,-0.0450809439027099,0.0401670541965635,upstream_gene_variant
X_13338468_ins,MA530,X,13338468,G,GA,ins,-0.236604494730193,0.0112000452379826,intron_variant
X_13782378_snp,MA563,X,13782378,T,A,SNP,-0.00319313819323862,0.00851128558317266,upstream_gene_variant
X_13949638_snp,MA563,X,13949638,A,T,SNP,0.00596417159827921,0.00171348544181605,5_prime_UTR_variant
X_14262803_ins,MA563,X,14262803,C,CA,ins,0.0774662786961179,0.0660042710578522,frameshift_variant
X_14299711_del,MA530,X,14299711,CA,C,del,-0.145030381514154,-0.0185376332667697,intron_variant
X_15521295_del,MA530,X,15521295,TG,T,del,-0.20474500516153,-0.0118679593185766,intron_variant
X_15917137_snp,MA563,X,15917137,A,T,SNP,-0.0152839800674997,0.0303637193466354,upstream_gene_variant
X_16641070_ins,MA530,X,16641070,G,GT,ins,-0.073738430484433,0.0013918261278581,splice_polypyrimidine_tract_variant
X_16696017_snp,MA563,X,16696017,C,A,SNP,-0.0920630999847208,-0.0405663421307656,upstream_gene_variant
X_17185917_ins,MA530,X,17185917,A,AC,ins,-0.149482118481227,0.0173664151991566,upstream_gene_variant
