block,rand_id,line_id
1,1,A.10_56.1
1,2,A.10_105.4
1,3,A.10_58.4
1,4,A.10_34.2
1,5,A.10_74.3
1,6,A.10_118.5
1,7,MA530_Ps_4.2
1,8,A.10_8.2
1,9,A.10_4.4
1,10,A.10_87.3
1,11,A.10_31.2
1,12,A.10_94.4
1,13,A.10_41.5
1,14,MA530_Ps_5.3
1,15,A.10_6.5
1,16,A.10_62.5
1,17,N2 GO ANC_Ps_4.3
1,18,A.10_61.5
1,19,A.10_51.1
1,20,A.10_64.1
1,21,MA563_Ps_1.3
1,22,A.10_97.1
1,23,A.10_35.1
1,24,A.10_79.2
1,25,A.10_85.2
1,26,A.10_78.5
1,27,A.10_38.1
1,28,A.10_19.4
1,29,MA563_Ps_5.1
1,30,A.10_52.4
1,31,A.10_48.4
1,32,A.10_67.5
1,33,A.10_73.1
1,34,A.10_28.3
1,35,A.10_110.1
1,36,A.10_117.5
1,37,A.10_119.2
1,38,A.10_112.5
1,39,A.10_60.1
1,40,MA530_Ps_1.3
1,41,A.10_17.5
1,42,A.10_20.1
1,43,N2 GO ANC_Ps_4.4
1,44,A.10_85.1
1,45,A.10_116.4
1,46,MA563_Ps_3.4
1,47,MA563_Ps_1.2
1,48,A.10_79.1
1,49,A.10_112.3
1,50,A.10_75.1
1,51,A.10_117.1
1,52,A.10_116.2
1,53,MA563_Ps_2.5
1,54,A.10_113.1
1,55,A.10_59.2
1,56,A.10_102.3
1,57,A.10_121.1
1,58,A.10_92.3
1,59,A.10_101.5
1,60,A.10_55.5
1,61,A.10_32.4
1,62,A.10_63.2
1,63,A.10_69.5
1,64,A.10_78.1
1,65,MA530_Ps_4.3
1,66,A.10_108.3
1,67,A.10_11.2
1,68,A.10_67.3
1,69,A.10_67.4
1,70,A.10_43.4
1,71,A.10_112.2
1,72,A.10_101.2
1,73,A.10_66.1
1,74,A.10_114.5
1,75,A.10_4.5
1,76,N2 GO ANC_Ps_2.1
1,77,A.10_22.4
1,78,A.10_98.2
1,79,A.10_11.3
1,80,A.10_116.5
1,81,A.10_19.2
1,82,N2 GO ANC_Ps_3.2
1,83,A.10_17.2
1,84,A.10_50.1
1,85,A.10_17.4
1,86,A.10_19.1
1,87,A.10_18.2
1,88,A.10_46.2
1,89,A.10_108.5
1,90,A.10_69.3
1,91,A.10_45.5
1,92,MA563_Ps_5.2
1,93,A.10_95.5
1,94,A.10_115.3
1,95,A.10_106.5
1,96,A.10_111.2
1,97,A.10_86.3
1,98,A.10_60.3
1,99,A.10_99.1
1,100,A.10_110.4
1,101,A.10_88.5
1,102,A.10_107.5
1,103,A.10_21.2
1,104,MA563_Ps_1.5
1,105,A.10_110.2
1,106,A.10_104.3
1,107,A.10_30.4
1,108,A.10_94.5
1,109,A.10_28.4
1,110,A.10_34.4
1,111,A.10_45.4
1,112,A.10_39.1
1,113,A.10_74.1
1,114,A.10_120.1
1,115,A.10_89.4
1,116,A.10_121.5
1,117,A.10_69.4
1,118,A.10_56.4
1,119,A.10_52.5
1,120,A.10_20.3
1,121,A.10_71.1
1,122,A.10_76.4
1,123,A.10_75.2
1,124,A.10_49.2
1,125,A.10_70.3
1,126,A.10_51.5
1,127,A.10_21.4
1,128,A.10_24.4
1,129,A.10_16.1
1,130,A.10_43.5
1,131,A.10_66.2
1,132,A.10_113.4
1,133,MA530_Ps_5.5
1,134,MA530_Ps_1.4
1,135,A.10_34.5
1,136,A.10_27.3
1,137,A.10_54.4
1,138,A.10_30.3
1,139,A.10_82.3
1,140,A.10_18.3
1,141,A.10_10.1
1,142,A.10_47.3
1,143,A.10_92.2
1,144,A.10_59.5
1,145,A.10_56.5
1,146,A.10_98.4
1,147,A.10_46.3
1,148,A.10_70.4
1,149,N2 GO ANC_Ps_6.5
1,150,A.10_101.4
1,151,A.10_105.2
1,152,A.10_28.5
1,153,A.10_117.3
1,154,A.10_102.2
1,155,A.10_88.3
1,156,A.10_66.4
1,157,MA563_Ps_2.1
1,158,A.10_21.1
1,159,A.10_17.1
1,160,A.10_49.3
1,161,A.10_80.3
1,162,A.10_33.5
1,163,A.10_3.5
1,164,MA563_Ps_2.4
1,165,A.10_91.5
1,166,A.10_3.4
1,167,A.10_32.2
1,168,MA530_Ps_1.5
1,169,A.10_1.1
1,170,A.10_54.1
1,171,A.10_48.1
1,172,N2 GO ANC_Ps_4.2
1,173,A.10_26.5
1,174,A.10_103.4
1,175,A.10_9.3
1,176,A.10_84.3
1,177,A.10_8.1
1,178,A.10_57.1
1,179,A.10_24.5
1,180,N2 GO ANC_Ps_2.4
1,181,A.10_23.4
1,182,A.10_107.3
1,183,A.10_107.4
1,184,A.10_11.4
1,185,A.10_75.3
1,186,A.10_34.3
1,187,A.10_12.5
1,188,A.10_7.2
1,189,A.10_106.4
1,190,A.10_41.1
1,191,MA530_Ps_2.2
1,192,A.10_13.5
1,193,A.10_40.4
1,194,A.10_64.2
1,195,A.10_110.5
1,196,MA530_Ps_2.3
1,197,A.10_6.2
1,198,A.10_26.1
1,199,A.10_78.4
1,200,A.10_90.4
1,201,A.10_21.5
1,202,A.10_73.2
1,203,A.10_49.1
1,204,A.10_59.4
1,205,A.10_115.5
1,206,A.10_87.4
1,207,A.10_32.5
1,208,A.10_50.4
1,209,A.10_96.4
1,210,A.10_81.3
1,211,A.10_7.3
1,212,A.10_96.1
1,213,A.10_61.4
1,214,A.10_25.1
1,215,A.10_46.5
1,216,A.10_99.3
1,217,A.10_38.2
1,218,A.10_4.2
1,219,A.10_82.5
1,220,A.10_7.5
1,221,A.10_22.5
1,222,A.10_69.2
1,223,A.10_27.4
1,224,A.10_19.5
1,225,A.10_113.3
1,226,MA563_Ps_4.3
1,227,A.10_4.1
1,228,N2 GO ANC_Ps_1.1
1,229,A.10_106.2
1,230,A.10_70.1
1,231,A.10_94.1
1,232,A.10_94.3
1,233,A.10_20.2
1,234,N2 GO ANC_Ps_1.2
1,235,A.10_102.5
1,236,A.10_50.2
1,237,MA563_Ps_4.5
1,238,A.10_98.3
1,239,MA530_Ps_6.5
1,240,A.10_51.2
1,241,A.10_82.2
1,242,A.10_9.5
1,243,A.10_66.3
1,244,A.10_61.2
1,245,A.10_43.3
1,246,A.10_26.2
1,247,A.10_42.1
1,248,A.10_90.5
1,249,A.10_17.3
1,250,A.10_71.5
1,251,MA563_Ps_5.4
1,252,A.10_114.4
1,253,A.10_92.4
1,254,A.10_87.5
1,255,A.10_79.3
1,256,A.10_27.5
1,257,MA563_Ps_4.1
1,258,A.10_48.2
1,259,A.10_75.4
1,260,A.10_90.1
1,261,A.10_114.2
1,262,A.10_29.5
1,263,A.10_116.1
1,264,A.10_73.4
1,265,N2 GO ANC_Ps_5.2
1,266,MA563_Ps_6.1
1,267,A.10_120.5
1,268,MA530_Ps_5.2
1,269,N2 GO ANC_Ps_2.5
1,270,A.10_40.2
1,271,A.10_75.5
1,272,A.10_50.5
1,273,A.10_104.1
1,274,A.10_22.3
1,275,A.10_12.1
1,276,A.10_1.5
1,277,N2 GO ANC_Ps_1.4
1,278,N2 GO ANC_Ps_6.4
1,279,A.10_97.3
1,280,A.10_55.1
1,281,A.10_58.3
1,282,A.10_53.3
1,283,A.10_38.3
1,284,A.10_45.2
1,285,A.10_76.2
1,286,A.10_93.3
1,287,MA530_Ps_2.5
1,288,A.10_57.2
1,289,A.10_8.5
1,290,A.10_99.5
1,291,A.10_68.4
1,292,A.10_121.2
1,293,A.10_104.2
1,294,A.10_109.4
1,295,A.10_23.5
1,296,A.10_62.3
1,297,A.10_18.4
1,298,A.10_25.4
1,299,A.10_14.1
1,300,MA530_Ps_2.4
1,301,A.10_85.5
1,302,MA563_Ps_3.5
1,303,A.10_24.3
1,304,A.10_73.5
1,305,A.10_29.3
1,306,A.10_61.3
1,307,A.10_77.4
1,308,A.10_37.5
1,309,A.10_26.3
1,310,A.10_118.2
1,311,A.10_27.2
1,312,A.10_93.1
1,313,A.10_66.5
1,314,A.10_37.3
1,315,A.10_15.3
1,316,N2 GO ANC_Ps_6.1
1,317,A.10_100.4
1,318,A.10_12.4
1,319,A.10_21.3
1,320,A.10_48.5
1,321,A.10_78.2
1,322,A.10_29.2
1,323,A.10_39.2
1,324,A.10_119.4
1,325,A.10_100.1
1,326,A.10_67.2
1,327,A.10_11.5
1,328,A.10_42.5
1,329,A.10_39.5
1,330,A.10_86.5
1,331,A.10_39.4
1,332,A.10_90.3
1,333,A.10_109.1
1,334,A.10_6.3
1,335,A.10_103.3
1,336,A.10_111.1
1,337,A.10_57.4
1,338,MA563_Ps_3.3
1,339,A.10_84.5
1,340,A.10_99.2
1,341,A.10_86.1
1,342,A.10_8.4
1,343,A.10_117.2
1,344,A.10_20.5
1,345,A.10_100.5
1,346,A.10_38.4
1,347,A.10_62.2
1,348,A.10_88.4
1,349,A.10_30.2
1,350,A.10_58.2
1,351,A.10_27.1
1,352,A.10_108.4
1,353,A.10_33.4
1,354,A.10_62.1
1,355,A.10_36.5
1,356,A.10_32.3
1,357,A.10_52.1
1,358,A.10_42.4
1,359,N2 GO ANC_Ps_3.4
1,360,N2 GO ANC_Ps_5.3
1,361,A.10_82.1
1,362,A.10_9.4
1,363,A.10_8.3
1,364,A.10_88.2
1,365,A.10_37.1
1,366,A.10_119.3
1,367,A.10_44.2
1,368,A.10_95.1
1,369,MA563_Ps_2.2
1,370,A.10_116.3
1,371,A.10_79.5
1,372,A.10_77.3
1,373,A.10_46.4
1,374,A.10_72.4
1,375,A.10_33.1
1,376,A.10_59.3
1,377,A.10_5.1
1,378,A.10_36.2
1,379,A.10_85.3
1,380,A.10_77.5
1,381,A.10_3.3
1,382,A.10_79.4
1,383,A.10_35.2
1,384,A.10_91.4
1,385,A.10_16.5
1,386,A.10_57.3
1,387,A.10_16.3
1,388,A.10_35.3
1,389,A.10_107.1
1,390,A.10_25.2
1,391,A.10_60.5
1,392,A.10_115.2
1,393,A.10_24.1
1,394,A.10_88.1
1,395,A.10_77.1
1,396,A.10_23.3
1,397,A.10_98.1
1,398,A.10_46.1
1,399,A.10_47.4
1,400,A.10_31.5
1,401,A.10_3.2
1,402,A.10_113.5
1,403,A.10_41.3
1,404,A.10_13.4
1,405,A.10_87.1
1,406,A.10_31.4
1,407,A.10_111.3
1,408,A.10_63.3
1,409,A.10_104.4
1,410,A.10_93.4
1,411,A.10_15.1
1,412,A.10_120.4
1,413,A.10_53.4
1,414,A.10_72.5
1,415,A.10_80.4
1,416,A.10_52.3
1,417,MA563_Ps_3.1
1,418,A.10_68.3
1,419,A.10_6.1
1,420,A.10_60.2
1,421,MA530_Ps_4.5
1,422,A.10_44.3
1,423,A.10_89.1
1,424,A.10_10.4
1,425,A.10_31.1
1,426,A.10_36.3
1,427,A.10_91.2
1,428,MA530_Ps_3.5
1,429,MA563_Ps_5.5
1,430,A.10_26.4
1,431,A.10_47.1
1,432,A.10_20.4
1,433,A.10_109.5
1,434,A.10_112.4
1,435,N2 GO ANC_Ps_4.5
1,436,A.10_114.1
1,437,A.10_33.3
1,438,A.10_24.2
1,439,A.10_14.5
1,440,A.10_43.2
1,441,A.10_10.5
1,442,N2 GO ANC_Ps_2.3
1,443,A.10_7.1
1,444,A.10_42.3
1,445,A.10_76.3
1,446,A.10_50.3
1,447,A.10_23.1
1,448,A.10_118.3
1,449,A.10_25.5
1,450,N2 GO ANC_Ps_3.5
1,451,A.10_1.4
1,452,N2 GO ANC_Ps_1.5
1,453,MA530_Ps_6.1
1,454,A.10_103.2
1,455,A.10_45.3
1,456,A.10_120.3
1,457,MA563_Ps_1.1
1,458,MA563_Ps_3.2
1,459,A.10_1.2
1,460,A.10_1.3
1,461,A.10_15.5
1,462,A.10_97.2
1,463,A.10_112.1
1,464,A.10_64.3
1,465,A.10_121.4
1,466,A.10_98.5
1,467,N2 GO ANC_Ps_1.3
1,468,A.10_86.2
1,469,A.10_84.4
1,470,A.10_111.4
1,471,A.10_47.5
1,472,A.10_76.1
1,473,A.10_48.3
1,474,MA530_Ps_3.4
1,475,A.10_60.4
1,476,A.10_61.1
1,477,A.10_51.3
1,478,A.10_14.3
1,479,MA530_Ps_5.1
1,480,A.10_18.1
1,481,MA563_Ps_6.5
1,482,MA530_Ps_1.1
1,483,A.10_103.5
1,484,A.10_62.4
1,485,A.10_96.5
1,486,A.10_68.5
1,487,A.10_91.1
1,488,A.10_99.4
1,489,N2 GO ANC_Ps_6.3
1,490,A.10_23.2
1,491,N2 GO ANC_Ps_5.1
1,492,A.10_51.4
1,493,A.10_19.3
1,494,A.10_74.4
1,495,A.10_65.2
1,496,A.10_68.1
1,497,A.10_12.2
1,498,A.10_41.2
1,499,A.10_63.4
1,500,A.10_4.3
1,501,A.10_100.2
1,502,A.10_56.2
1,503,A.10_68.2
1,504,A.10_71.3
1,505,A.10_72.2
1,506,A.10_44.5
1,507,A.10_72.3
1,508,A.10_49.5
1,509,A.10_80.1
1,510,MA530_Ps_6.2
1,511,A.10_96.2
1,512,MA530_Ps_4.4
1,513,N2 GO ANC_Ps_4.1
1,514,A.10_89.2
1,515,A.10_109.2
1,516,A.10_58.5
1,517,A.10_100.3
1,518,A.10_105.1
1,519,A.10_54.3
1,520,A.10_2.4
1,521,A.10_35.4
1,522,A.10_97.4
1,523,A.10_31.3
1,524,A.10_55.3
1,525,A.10_55.4
1,526,A.10_74.2
1,527,A.10_82.4
1,528,A.10_38.5
1,529,A.10_94.2
1,530,MA563_Ps_2.3
1,531,A.10_65.3
1,532,A.10_80.2
1,533,A.10_34.1
1,534,A.10_65.1
1,535,A.10_2.5
1,536,A.10_2.2
1,537,A.10_15.4
1,538,A.10_30.1
1,539,MA530_Ps_2.1
1,540,A.10_105.3
1,541,A.10_56.3
1,542,A.10_101.1
1,543,A.10_5.3
1,544,A.10_65.4
1,545,A.10_120.2
1,546,MA530_Ps_3.3
1,547,A.10_5.4
1,548,A.10_44.4
1,549,A.10_12.3
1,550,N2 GO ANC_Ps_5.5
1,551,MA563_Ps_4.2
1,552,MA530_Ps_3.2
1,553,A.10_44.1
1,554,A.10_53.1
1,555,A.10_42.2
1,556,N2 GO ANC_Ps_6.2
1,557,A.10_39.3
1,558,A.10_13.2
1,559,A.10_2.1
1,560,A.10_104.5
1,561,A.10_37.2
1,562,A.10_63.1
1,563,A.10_43.1
1,564,A.10_40.1
1,565,A.10_95.4
1,566,A.10_86.4
1,567,A.10_35.5
1,568,A.10_95.2
1,569,A.10_117.4
1,570,A.10_54.5
1,571,A.10_89.5
1,572,A.10_89.3
1,573,A.10_37.4
1,574,A.10_9.2
1,575,A.10_92.5
1,576,A.10_121.3
1,577,MA530_Ps_5.4
1,578,MA563_Ps_6.4
1,579,A.10_25.3
1,580,A.10_22.1
1,581,A.10_74.5
1,582,A.10_55.2
1,583,A.10_108.2
1,584,A.10_105.5
1,585,A.10_33.2
1,586,A.10_32.1
1,587,A.10_118.1
1,588,A.10_64.5
1,589,A.10_30.5
1,590,A.10_59.1
1,591,A.10_5.2
1,592,A.10_96.3
1,593,A.10_16.4
1,594,A.10_36.1
1,595,A.10_36.4
1,596,A.10_54.2
1,597,A.10_103.1
1,598,A.10_87.2
1,599,A.10_115.1
1,600,A.10_73.3
1,601,A.10_13.3
1,602,MA563_Ps_6.3
1,603,A.10_70.2
1,604,A.10_29.1
1,605,A.10_110.3
1,606,A.10_93.5
1,607,A.10_18.5
1,608,A.10_101.3
1,609,A.10_84.1
1,610,MA563_Ps_5.3
1,611,A.10_7.4
1,612,A.10_6.4
1,613,A.10_22.2
1,614,A.10_85.4
1,615,A.10_15.2
1,616,A.10_71.4
1,617,N2 GO ANC_Ps_3.1
1,618,A.10_119.5
1,619,A.10_67.1
1,620,A.10_5.5
1,621,A.10_80.5
1,622,A.10_53.5
1,623,A.10_41.4
1,624,A.10_9.1
1,625,A.10_47.2
1,626,A.10_81.5
1,627,A.10_14.2
1,628,A.10_102.1
1,629,N2 GO ANC_Ps_3.3
1,630,A.10_71.2
1,631,A.10_49.4
1,632,A.10_64.4
1,633,A.10_53.2
1,634,A.10_3.1
1,635,A.10_81.2
1,636,A.10_11.1
1,637,A.10_119.1
1,638,A.10_107.2
1,639,A.10_69.1
1,640,MA530_Ps_3.1
1,641,A.10_118.4
1,642,A.10_10.3
1,643,A.10_77.2
1,644,A.10_81.4
1,645,A.10_108.1
1,646,N2 GO ANC_Ps_2.2
1,647,MA530_Ps_6.4
1,648,A.10_95.3
1,649,A.10_113.2
1,650,A.10_28.2
1,651,A.10_63.5
1,652,A.10_57.5
1,653,A.10_90.2
1,654,A.10_102.4
1,655,A.10_114.3
1,656,A.10_84.2
1,657,A.10_78.3
1,658,A.10_106.1
1,659,A.10_16.2
1,660,MA530_Ps_1.2
1,661,A.10_70.5
1,662,A.10_81.1
1,663,A.10_76.5
1,664,N2 GO ANC_Ps_5.4
1,665,A.10_106.3
1,666,A.10_52.2
1,667,MA530_Ps_6.3
1,668,A.10_91.3
1,669,A.10_72.1
1,670,A.10_45.1
1,671,A.10_40.3
1,672,A.10_14.4
1,673,A.10_10.2
1,674,A.10_65.5
1,675,MA563_Ps_6.2
1,676,A.10_92.1
1,677,MA530_Ps_4.1
1,678,MA563_Ps_4.4
1,679,A.10_13.1
1,680,A.10_93.2
1,681,A.10_29.4
1,682,MA563_Ps_1.4
1,683,A.10_40.5
1,684,A.10_28.1
1,685,A.10_58.1
1,686,A.10_109.3
1,687,A.10_111.5
1,688,A.10_2.3
1,689,A.10_97.5
1,690,A.10_115.4
2,1,A.10_134.2
2,2,A.10_133.1
2,3,A.10_122.4
2,4,RIL_5.1
2,5,A.10_196.1
2,6,A.10_165.3
2,7,RIL_42.2
2,8,RIL_28.5
2,9,A.10_168.1
2,10,A.10_144.2
2,11,MA563_Ps_5.3
2,12,RIL_19.3
2,13,A.10_147.4
2,14,A.10_146.2
2,15,RIL_32.1
2,16,A.10_125.5
2,17,A.10_122.2
2,18,A.10_172.3
2,19,RIL_22.2
2,20,A.10_181.4
2,21,A.10_166.4
2,22,N2 GO ANC_Ps_5.2
2,23,A.10_185.3
2,24,A.10_172.1
2,25,RIL_40.4
2,26,A.10_153.4
2,27,RIL_45.2
2,28,A.10_140.3
2,29,A.10_166.1
2,30,A.10_138.4
2,31,RIL_15.2
2,32,A.10_194.3
2,33,RIL_44.5
2,34,RIL_45.4
2,35,RIL_15.3
2,36,A.10_164.2
2,37,A.10_150.2
2,38,A.10_137.4
2,39,A.10_190.5
2,40,RIL_17.1
2,41,MA530_Ps_2.5
2,42,A.10_198.4
2,43,RIL_16.4
2,44,RIL_30.2
2,45,A.10_156.4
2,46,N2 GO ANC_Ps_4.3
2,47,RIL_5.3
2,48,A.10_169.2
2,49,A.10_136.2
2,50,A.10_188.4
2,51,RIL_32.5
2,52,A.10_152.5
2,53,RIL_23.5
2,54,A.10_171.1
2,55,MA563_Ps_3.3
2,56,A.10_169.3
2,57,MA530_Ps_2.1
2,58,RIL_3.4
2,59,MA563_Ps_2.2
2,60,RIL_9.1
2,61,A.10_177.4
2,62,RIL_18.1
2,63,A.10_164.3
2,64,RIL_10.4
2,65,A.10_148.4
2,66,A.10_136.3
2,67,A.10_164.4
2,68,MA563_Ps_4.5
2,69,A.10_131.1
2,70,RIL_26.3
2,71,N2 GO ANC_Ps_4.2
2,72,A.10_197.5
2,73,A.10_147.5
2,74,A.10_143.1
2,75,RIL_1.5
2,76,A.10_144.3
2,77,RIL_26.1
2,78,A.10_169.1
2,79,RIL_37.4
2,80,MA530_Ps_3.1
2,81,A.10_168.3
2,82,A.10_180.1
2,83,MA530_Ps_1.4
2,84,A.10_187.2
2,85,A.10_178.5
2,86,A.10_179.1
2,87,A.10_156.5
2,88,RIL_29.4
2,89,MA563_Ps_4.2
2,90,A.10_133.2
2,91,A.10_156.1
2,92,RIL_6.5
2,93,N2 GO ANC_Ps_1.5
2,94,A.10_124.5
2,95,A.10_160.4
2,96,RIL_32.4
2,97,A.10_142.4
2,98,A.10_148.1
2,99,A.10_144.1
2,100,A.10_192.5
2,101,A.10_145.4
2,102,A.10_185.1
2,103,A.10_170.3
2,104,A.10_182.2
2,105,RIL_28.1
2,106,A.10_159.2
2,107,A.10_167.1
2,108,RIL_32.3
2,109,RIL_23.2
2,110,N2 GO ANC_Ps_1.1
2,111,A.10_152.2
2,112,A.10_139.2
2,113,RIL_1.1
2,114,RIL_14.5
2,115,A.10_152.4
2,116,A.10_193.1
2,117,A.10_145.2
2,118,MA563_Ps_6.4
2,119,N2 GO ANC_Ps_1.4
2,120,N2 GO ANC_Ps_2.4
2,121,A.10_165.2
2,122,A.10_125.2
2,123,A.10_178.1
2,124,RIL_36.4
2,125,RIL_20.5
2,126,RIL_17.5
2,127,A.10_175.2
2,128,RIL_19.4
2,129,A.10_123.5
2,130,MA530_Ps_3.4
2,131,RIL_25.5
2,132,A.10_123.2
2,133,RIL_37.3
2,134,RIL_46.1
2,135,MA563_Ps_1.2
2,136,A.10_196.3
2,137,A.10_155.1
2,138,RIL_6.3
2,139,RIL_14.2
2,140,RIL_23.1
2,141,A.10_132.3
2,142,A.10_174.2
2,143,A.10_149.4
2,144,A.10_194.2
2,145,A.10_199.5
2,146,A.10_135.1
2,147,MA530_Ps_6.1
2,148,RIL_16.1
2,149,A.10_149.3
2,150,A.10_182.3
2,151,RIL_46.4
2,152,A.10_153.1
2,153,N2 GO ANC_Ps_5.5
2,154,RIL_27.4
2,155,N2 GO ANC_Ps_6.3
2,156,A.10_187.5
2,157,A.10_148.5
2,158,RIL_25.1
2,159,A.10_147.2
2,160,A.10_130.5
2,161,A.10_136.1
2,162,RIL_4.5
2,163,RIL_11.2
2,164,RIL_17.4
2,165,A.10_194.4
2,166,RIL_11.1
2,167,A.10_166.2
2,168,MA563_Ps_1.1
2,169,RIL_29.5
2,170,A.10_150.4
2,171,RIL_24.1
2,172,A.10_146.4
2,173,A.10_198.5
2,174,RIL_30.1
2,175,MA563_Ps_5.4
2,176,RIL_34.5
2,177,A.10_167.2
2,178,A.10_156.2
2,179,RIL_30.5
2,180,A.10_181.1
2,181,RIL_7.1
2,182,A.10_131.2
2,183,A.10_176.3
2,184,RIL_13.5
2,185,A.10_159.1
2,186,A.10_149.2
2,187,MA530_Ps_4.5
2,188,A.10_143.3
2,189,A.10_129.1
2,190,RIL_19.2
2,191,RIL_42.4
2,192,N2 GO ANC_Ps_5.4
2,193,A.10_161.5
2,194,A.10_140.2
2,195,MA530_Ps_4.4
2,196,MA563_Ps_4.4
2,197,N2 GO ANC_Ps_3.5
2,198,A.10_189.2
2,199,A.10_129.4
2,200,RIL_21.5
2,201,A.10_150.5
2,202,A.10_143.2
2,203,A.10_177.3
2,204,RIL_10.1
2,205,MA530_Ps_1.5
2,206,RIL_12.2
2,207,RIL_40.2
2,208,A.10_131.5
2,209,A.10_126.5
2,210,A.10_198.1
2,211,RIL_25.4
2,212,RIL_4.3
2,213,RIL_34.1
2,214,A.10_193.4
2,215,RIL_41.1
2,216,A.10_167.5
2,217,A.10_186.5
2,218,MA530_Ps_5.5
2,219,MA563_Ps_3.2
2,220,A.10_122.3
2,221,RIL_21.4
2,222,A.10_130.4
2,223,A.10_138.5
2,224,RIL_28.3
2,225,RIL_44.1
2,226,MA530_Ps_4.2
2,227,A.10_167.3
2,228,A.10_141.3
2,229,A.10_193.3
2,230,A.10_133.5
2,231,MA530_Ps_5.2
2,232,A.10_143.5
2,233,A.10_187.4
2,234,RIL_20.2
2,235,N2 GO ANC_Ps_6.2
2,236,RIL_10.2
2,237,RIL_6.4
2,238,RIL_23.4
2,239,RIL_46.3
2,240,N2 GO ANC_Ps_3.1
2,241,RIL_27.5
2,242,RIL_19.1
2,243,RIL_3.2
2,244,A.10_186.4
2,245,N2 GO ANC_Ps_6.1
2,246,A.10_186.3
2,247,A.10_145.3
2,248,RIL_41.3
2,249,RIL_5.5
2,250,A.10_130.2
2,251,A.10_200.3
2,252,MA530_Ps_5.4
2,253,A.10_181.5
2,254,A.10_167.4
2,255,RIL_44.2
2,256,A.10_127.2
2,257,A.10_185.5
2,258,A.10_170.1
2,259,MA530_Ps_2.3
2,260,A.10_169.4
2,261,A.10_148.3
2,262,A.10_155.4
2,263,A.10_173.2
2,264,A.10_179.2
2,265,MA530_Ps_1.2
2,266,A.10_199.4
2,267,N2 GO ANC_Ps_4.1
2,268,A.10_182.1
2,269,A.10_191.4
2,270,RIL_7.3
2,271,A.10_146.1
2,272,RIL_44.4
2,273,A.10_170.5
2,274,A.10_137.1
2,275,A.10_126.4
2,276,RIL_37.1
2,277,MA530_Ps_5.1
2,278,MA530_Ps_5.3
2,279,RIL_45.3
2,280,A.10_140.5
2,281,MA530_Ps_4.3
2,282,RIL_37.2
2,283,A.10_183.5
2,284,RIL_17.2
2,285,A.10_155.5
2,286,RIL_27.1
2,287,RIL_34.2
2,288,RIL_14.1
2,289,A.10_132.1
2,290,N2 GO ANC_Ps_5.3
2,291,A.10_173.4
2,292,A.10_151.4
2,293,A.10_125.4
2,294,A.10_138.3
2,295,A.10_134.4
2,296,A.10_154.4
2,297,A.10_124.2
2,298,N2 GO ANC_Ps_3.3
2,299,RIL_43.2
2,300,A.10_145.1
2,301,A.10_127.3
2,302,A.10_168.2
2,303,N2 GO ANC_Ps_6.4
2,304,MA563_Ps_4.1
2,305,RIL_35.2
2,306,A.10_174.5
2,307,A.10_176.1
2,308,RIL_21.1
2,309,A.10_139.3
2,310,MA563_Ps_2.4
2,311,A.10_160.3
2,312,RIL_2.2
2,313,RIL_1.2
2,314,A.10_185.4
2,315,RIL_38.3
2,316,RIL_43.1
2,317,RIL_35.5
2,318,A.10_139.4
2,319,A.10_140.4
2,320,A.10_196.5
2,321,A.10_164.5
2,322,A.10_132.2
2,323,A.10_173.3
2,324,A.10_179.4
2,325,RIL_12.1
2,326,A.10_137.2
2,327,MA563_Ps_6.1
2,328,RIL_22.1
2,329,A.10_175.5
2,330,A.10_194.5
2,331,A.10_184.4
2,332,RIL_3.5
2,333,RIL_21.2
2,334,A.10_187.3
2,335,RIL_9.2
2,336,A.10_136.4
2,337,A.10_198.3
2,338,MA563_Ps_1.4
2,339,A.10_180.2
2,340,RIL_26.4
2,341,A.10_182.5
2,342,A.10_171.2
2,343,RIL_39.2
2,344,RIL_10.5
2,345,RIL_13.4
2,346,RIL_26.2
2,347,RIL_2.3
2,348,A.10_160.2
2,349,RIL_27.2
2,350,A.10_182.4
2,351,RIL_39.5
2,352,A.10_197.1
2,353,N2 GO ANC_Ps_5.1
2,354,A.10_161.4
2,355,A.10_174.4
2,356,A.10_180.4
2,357,A.10_165.5
2,358,A.10_200.2
2,359,RIL_22.3
2,360,RIL_36.1
2,361,MA563_Ps_6.2
2,362,A.10_160.1
2,363,A.10_165.1
2,364,N2 GO ANC_Ps_6.5
2,365,A.10_199.1
2,366,RIL_22.4
2,367,MA530_Ps_2.2
2,368,RIL_33.4
2,369,A.10_154.5
2,370,RIL_31.3
2,371,RIL_35.3
2,372,RIL_43.3
2,373,RIL_20.1
2,374,A.10_190.3
2,375,N2 GO ANC_Ps_2.3
2,376,RIL_28.2
2,377,A.10_148.2
2,378,A.10_134.1
2,379,MA563_Ps_5.2
2,380,A.10_131.4
2,381,A.10_159.3
2,382,RIL_35.1
2,383,RIL_22.5
2,384,A.10_152.3
2,385,RIL_6.1
2,386,RIL_33.2
2,387,MA530_Ps_6.4
2,388,A.10_123.1
2,389,A.10_172.4
2,390,RIL_9.4
2,391,A.10_146.5
2,392,A.10_123.4
2,393,A.10_184.2
2,394,MA563_Ps_5.5
2,395,RIL_13.2
2,396,A.10_160.5
2,397,A.10_179.5
2,398,A.10_154.3
2,399,RIL_46.5
2,400,A.10_185.2
2,401,A.10_186.2
2,402,RIL_39.3
2,403,A.10_164.1
2,404,A.10_124.3
2,405,A.10_193.2
2,406,A.10_129.3
2,407,RIL_37.5
2,408,RIL_16.3
2,409,A.10_166.3
2,410,RIL_32.2
2,411,RIL_11.4
2,412,RIL_45.1
2,413,RIL_41.2
2,414,RIL_31.1
2,415,A.10_189.1
2,416,A.10_181.2
2,417,A.10_125.1
2,418,A.10_175.3
2,419,A.10_137.5
2,420,A.10_173.1
2,421,RIL_7.4
2,422,RIL_14.4
2,423,A.10_136.5
2,424,RIL_33.5
2,425,RIL_24.2
2,426,A.10_189.5
2,427,A.10_173.5
2,428,A.10_141.2
2,429,A.10_129.5
2,430,RIL_20.4
2,431,A.10_153.3
2,432,A.10_166.5
2,433,A.10_191.1
2,434,A.10_131.3
2,435,A.10_124.1
2,436,A.10_198.2
2,437,RIL_11.5
2,438,A.10_122.5
2,439,MA530_Ps_3.3
2,440,A.10_150.1
2,441,A.10_197.2
2,442,RIL_45.5
2,443,A.10_177.2
2,444,RIL_36.3
2,445,RIL_29.3
2,446,RIL_39.4
2,447,RIL_2.5
2,448,A.10_171.5
2,449,RIL_12.3
2,450,N2 GO ANC_Ps_2.1
2,451,A.10_133.4
2,452,A.10_178.3
2,453,RIL_23.3
2,454,A.10_171.3
2,455,RIL_4.1
2,456,RIL_25.3
2,457,MA563_Ps_5.1
2,458,MA530_Ps_6.2
2,459,A.10_154.1
2,460,A.10_122.1
2,461,A.10_188.1
2,462,RIL_29.2
2,463,A.10_134.5
2,464,A.10_159.4
2,465,A.10_127.1
2,466,A.10_161.2
2,467,MA530_Ps_2.4
2,468,A.10_170.4
2,469,A.10_126.2
2,470,A.10_133.3
2,471,RIL_10.3
2,472,A.10_142.1
2,473,MA563_Ps_2.3
2,474,A.10_127.5
2,475,RIL_1.3
2,476,RIL_15.4
2,477,A.10_184.1
2,478,A.10_190.4
2,479,A.10_129.2
2,480,A.10_138.2
2,481,A.10_199.3
2,482,RIL_16.5
2,483,RIL_26.5
2,484,RIL_34.4
2,485,A.10_142.5
2,486,RIL_4.4
2,487,A.10_128.3
2,488,A.10_141.5
2,489,A.10_153.2
2,490,A.10_192.2
2,491,A.10_142.2
2,492,A.10_126.3
2,493,MA530_Ps_4.1
2,494,A.10_138.1
2,495,RIL_42.5
2,496,A.10_170.2
2,497,N2 GO ANC_Ps_4.4
2,498,RIL_8.4
2,499,RIL_12.4
2,500,MA563_Ps_1.3
2,501,A.10_128.4
2,502,A.10_196.4
2,503,RIL_14.3
2,504,A.10_159.5
2,505,RIL_43.4
2,506,A.10_168.4
2,507,A.10_176.5
2,508,RIL_18.3
2,509,A.10_147.1
2,510,A.10_197.4
2,511,A.10_200.1
2,512,A.10_161.3
2,513,A.10_155.3
2,514,A.10_128.1
2,515,RIL_19.5
2,516,RIL_5.2
2,517,A.10_200.4
2,518,A.10_134.3
2,519,A.10_146.3
2,520,A.10_189.3
2,521,A.10_143.4
2,522,MA563_Ps_2.5
2,523,A.10_123.3
2,524,A.10_172.2
2,525,A.10_132.5
2,526,A.10_175.1
2,527,A.10_199.2
2,528,N2 GO ANC_Ps_1.3
2,529,A.10_139.1
2,530,RIL_46.2
2,531,RIL_5.4
2,532,A.10_153.5
2,533,MA530_Ps_3.2
2,534,RIL_42.3
2,535,A.10_189.4
2,536,RIL_33.1
2,537,A.10_183.2
2,538,A.10_183.4
2,539,A.10_183.1
2,540,RIL_44.3
2,541,MA563_Ps_2.1
2,542,RIL_4.2
2,543,N2 GO ANC_Ps_1.2
2,544,MA530_Ps_3.5
2,545,A.10_181.3
2,546,RIL_17.3
2,547,A.10_154.2
2,548,RIL_31.5
2,549,RIL_39.1
2,550,RIL_24.3
2,551,RIL_36.5
2,552,RIL_30.3
2,553,MA563_Ps_3.4
2,554,RIL_24.5
2,555,RIL_34.3
2,556,MA563_Ps_4.3
2,557,A.10_168.5
2,558,A.10_188.5
2,559,RIL_12.5
2,560,RIL_35.4
2,561,A.10_172.5
2,562,RIL_40.1
2,563,A.10_149.5
2,564,N2 GO ANC_Ps_3.2
2,565,RIL_20.3
2,566,RIL_15.1
2,567,A.10_191.5
2,568,RIL_1.4
2,569,RIL_2.4
2,570,A.10_178.2
2,571,A.10_188.2
2,572,RIL_8.2
2,573,RIL_2.1
2,574,A.10_135.2
2,575,A.10_165.4
2,576,RIL_13.3
2,577,RIL_38.4
2,578,RIL_31.4
2,579,A.10_191.3
2,580,A.10_124.4
2,581,RIL_13.1
2,582,MA563_Ps_3.1
2,583,A.10_176.4
2,584,A.10_151.5
2,585,A.10_128.5
2,586,A.10_193.5
2,587,A.10_197.3
2,588,N2 GO ANC_Ps_2.5
2,589,A.10_179.3
2,590,RIL_8.5
2,591,RIL_40.5
2,592,RIL_21.3
2,593,RIL_41.4
2,594,A.10_191.2
2,595,A.10_135.3
2,596,RIL_42.1
2,597,A.10_151.2
2,598,A.10_139.5
2,599,A.10_130.3
2,600,A.10_135.4
2,601,RIL_25.2
2,602,A.10_187.1
2,603,MA563_Ps_6.3
2,604,A.10_171.4
2,605,A.10_194.1
2,606,A.10_176.2
2,607,RIL_7.5
2,608,A.10_177.1
2,609,A.10_151.1
2,610,MA530_Ps_6.5
2,611,A.10_144.5
2,612,RIL_24.4
2,613,RIL_8.1
2,614,N2 GO ANC_Ps_2.2
2,615,MA563_Ps_3.5
2,616,A.10_128.2
2,617,RIL_30.4
2,618,A.10_178.4
2,619,A.10_151.3
2,620,MA563_Ps_6.5
2,621,RIL_3.3
2,622,RIL_43.5
2,623,A.10_192.3
2,624,RIL_8.3
2,625,RIL_28.4
2,626,RIL_15.5
2,627,A.10_126.1
2,628,A.10_161.1
2,629,A.10_155.2
2,630,A.10_192.1
2,631,RIL_9.5
2,632,RIL_33.3
2,633,A.10_150.3
2,634,A.10_174.3
2,635,A.10_190.2
2,636,MA530_Ps_1.3
2,637,A.10_180.3
2,638,N2 GO ANC_Ps_4.5
2,639,A.10_169.5
2,640,MA530_Ps_1.1
2,641,A.10_152.1
2,642,RIL_40.3
2,643,A.10_184.5
2,644,A.10_147.3
2,645,RIL_6.2
2,646,A.10_142.3
2,647,A.10_125.3
2,648,A.10_184.3
2,649,RIL_18.5
2,650,RIL_11.3
2,651,A.10_188.3
2,652,A.10_141.4
2,653,A.10_156.3
2,654,RIL_38.2
2,655,RIL_27.3
2,656,RIL_7.2
2,657,A.10_144.4
2,658,N2 GO ANC_Ps_3.4
2,659,RIL_29.1
2,660,RIL_18.2
2,661,A.10_137.3
2,662,A.10_130.1
2,663,RIL_3.1
2,664,A.10_192.4
2,665,A.10_174.1
2,666,A.10_180.5
2,667,RIL_18.4
2,668,MA563_Ps_1.5
2,669,A.10_127.4
2,670,MA530_Ps_6.3
2,671,A.10_196.2
2,672,A.10_140.1
2,673,A.10_135.5
2,674,A.10_186.1
2,675,A.10_132.4
2,676,A.10_141.1
2,677,A.10_200.5
2,678,A.10_183.3
2,679,RIL_41.5
2,680,RIL_16.2
2,681,RIL_38.1
2,682,RIL_31.2
2,683,RIL_36.2
2,684,RIL_38.5
2,685,A.10_149.1
2,686,A.10_145.5
2,687,A.10_175.4
2,688,A.10_190.1
2,689,RIL_9.3
2,690,A.10_177.5
3,1,RIL_112.4
3,2,RIL_122.4
3,3,RIL_124.4
3,4,MA563_Ps_4.5
3,5,RIL_125.1
3,6,RIL_63.2
3,7,MA530_Ps_1.4
3,8,RIL_100.1
3,9,N2 GO ANC_Ps_6.5
3,10,RIL_82.2
3,11,RIL_157.1
3,12,RIL_156.3
3,13,RIL_119.4
3,14,RIL_62.1
3,15,RIL_89.3
3,16,RIL_48.2
3,17,MA563_Ps_5.2
3,18,RIL_74.1
3,19,RIL_105.4
3,20,RIL_72.3
3,21,RIL_77.2
3,22,RIL_69.3
3,23,RIL_129.5
3,24,RIL_121.2
3,25,RIL_110.3
3,26,RIL_159.3
3,27,RIL_83.5
3,28,RIL_93.3
3,29,RIL_59.2
3,30,RIL_76.3
3,31,RIL_47.4
3,32,RIL_79.4
3,33,RIL_56.4
3,34,N2 GO ANC_Ps_3.2
3,35,RIL_155.2
3,36,MA563_Ps_1.4
3,37,RIL_124.3
3,38,MA530_Ps_6.4
3,39,RIL_153.1
3,40,RIL_83.2
3,41,RIL_57.4
3,42,RIL_126.4
3,43,MA563_Ps_4.3
3,44,RIL_114.3
3,45,RIL_73.4
3,46,RIL_144.2
3,47,MA563_Ps_1.2
3,48,RIL_83.3
3,49,MA530_Ps_2.4
3,50,MA530_Ps_3.5
3,51,RIL_130.3
3,52,MA563_Ps_3.1
3,53,RIL_48.1
3,54,RIL_144.3
3,55,RIL_90.4
3,56,RIL_109.3
3,57,RIL_103.5
3,58,RIL_118.3
3,59,RIL_117.1
3,60,RIL_83.4
3,61,RIL_108.5
3,62,RIL_94.5
3,63,RIL_117.5
3,64,N2 GO ANC_Ps_6.3
3,65,RIL_164.3
3,66,RIL_49.2
3,67,RIL_49.4
3,68,RIL_95.2
3,69,RIL_93.1
3,70,RIL_127.3
3,71,RIL_159.5
3,72,RIL_78.1
3,73,MA530_Ps_2.1
3,74,RIL_52.4
3,75,RIL_143.5
3,76,RIL_151.1
3,77,RIL_60.2
3,78,RIL_142.4
3,79,RIL_89.2
3,80,MA563_Ps_2.2
3,81,RIL_159.2
3,82,RIL_47.1
3,83,RIL_137.2
3,84,MA530_Ps_3.1
3,85,N2 GO ANC_Ps_1.5
3,86,RIL_132.3
3,87,RIL_118.1
3,88,RIL_115.2
3,89,RIL_125.5
3,90,N2 GO ANC_Ps_1.2
3,91,RIL_165.5
3,92,RIL_64.3
3,93,RIL_61.5
3,94,RIL_154.1
3,95,MA530_Ps_1.1
3,96,RIL_99.3
3,97,RIL_48.5
3,98,RIL_59.4
3,99,RIL_51.1
3,100,RIL_157.2
3,101,RIL_151.3
3,102,RIL_101.3
3,103,RIL_146.5
3,104,MA530_Ps_6.5
3,105,RIL_166.4
3,106,RIL_69.5
3,107,RIL_139.1
3,108,RIL_84.2
3,109,RIL_104.2
3,110,RIL_84.1
3,111,RIL_163.1
3,112,RIL_124.1
3,113,RIL_65.3
3,114,RIL_126.3
3,115,RIL_126.5
3,116,RIL_133.5
3,117,RIL_60.3
3,118,RIL_97.3
3,119,RIL_68.2
3,120,RIL_144.1
3,121,RIL_164.2
3,122,RIL_67.1
3,123,RIL_76.4
3,124,RIL_161.3
3,125,RIL_145.2
3,126,RIL_73.1
3,127,RIL_106.1
3,128,RIL_51.3
3,129,RIL_126.1
3,130,RIL_136.1
3,131,RIL_52.2
3,132,RIL_135.2
3,133,RIL_107.2
3,134,MA530_Ps_2.5
3,135,RIL_118.4
3,136,RIL_53.4
3,137,RIL_119.3
3,138,RIL_104.4
3,139,RIL_69.2
3,140,RIL_101.2
3,141,RIL_129.4
3,142,RIL_122.5
3,143,RIL_109.4
3,144,RIL_47.2
3,145,RIL_104.5
3,146,RIL_55.3
3,147,RIL_59.3
3,148,RIL_92.3
3,149,RIL_99.1
3,150,MA530_Ps_4.4
3,151,RIL_86.3
3,152,RIL_81.4
3,153,RIL_98.3
3,154,RIL_62.5
3,155,RIL_162.5
3,156,RIL_154.5
3,157,RIL_75.4
3,158,RIL_141.3
3,159,RIL_145.3
3,160,RIL_134.4
3,161,RIL_66.2
3,162,RIL_135.5
3,163,RIL_155.3
3,164,RIL_124.5
3,165,RIL_163.4
3,166,RIL_61.3
3,167,RIL_150.4
3,168,RIL_158.1
3,169,MA563_Ps_2.3
3,170,MA530_Ps_2.2
3,171,RIL_96.3
3,172,RIL_51.2
3,173,RIL_102.2
3,174,RIL_117.4
3,175,RIL_59.5
3,176,RIL_164.1
3,177,RIL_132.5
3,178,RIL_117.3
3,179,RIL_68.3
3,180,RIL_73.3
3,181,RIL_58.1
3,182,RIL_106.5
3,183,RIL_74.2
3,184,RIL_150.3
3,185,RIL_60.5
3,186,RIL_150.2
3,187,RIL_107.3
3,188,MA563_Ps_2.5
3,189,RIL_96.1
3,190,RIL_128.2
3,191,N2 GO ANC_Ps_1.4
3,192,MA530_Ps_3.2
3,193,RIL_157.3
3,194,RIL_79.5
3,195,RIL_80.5
3,196,RIL_149.2
3,197,RIL_65.5
3,198,RIL_84.4
3,199,RIL_52.5
3,200,RIL_154.3
3,201,RIL_148.2
3,202,MA530_Ps_5.5
3,203,RIL_142.1
3,204,RIL_148.5
3,205,RIL_86.2
3,206,RIL_140.4
3,207,N2 GO ANC_Ps_5.3
3,208,RIL_119.2
3,209,RIL_106.4
3,210,RIL_71.2
3,211,RIL_99.4
3,212,RIL_146.2
3,213,N2 GO ANC_Ps_6.1
3,214,RIL_129.1
3,215,RIL_119.5
3,216,RIL_55.2
3,217,RIL_92.1
3,218,MA530_Ps_6.1
3,219,RIL_120.5
3,220,MA563_Ps_5.5
3,221,RIL_67.5
3,222,RIL_88.5
3,223,RIL_137.3
3,224,RIL_105.2
3,225,RIL_141.4
3,226,RIL_108.2
3,227,MA530_Ps_5.4
3,228,RIL_102.1
3,229,N2 GO ANC_Ps_2.2
3,230,RIL_109.1
3,231,RIL_122.2
3,232,RIL_112.5
3,233,RIL_149.3
3,234,RIL_106.2
3,235,RIL_156.5
3,236,RIL_94.3
3,237,RIL_65.2
3,238,RIL_140.1
3,239,RIL_55.5
3,240,N2 GO ANC_Ps_3.5
3,241,RIL_155.1
3,242,RIL_89.5
3,243,RIL_149.4
3,244,RIL_96.4
3,245,RIL_160.2
3,246,RIL_89.4
3,247,RIL_131.5
3,248,RIL_155.4
3,249,RIL_140.3
3,250,RIL_51.4
3,251,N2 GO ANC_Ps_4.1
3,252,RIL_54.4
3,253,RIL_97.4
3,254,RIL_105.3
3,255,RIL_148.1
3,256,RIL_55.4
3,257,RIL_136.2
3,258,MA563_Ps_1.1
3,259,RIL_121.4
3,260,RIL_165.2
3,261,MA563_Ps_6.5
3,262,MA563_Ps_3.4
3,263,RIL_138.1
3,264,RIL_86.5
3,265,RIL_125.2
3,266,RIL_109.5
3,267,RIL_110.1
3,268,RIL_97.2
3,269,RIL_115.1
3,270,N2 GO ANC_Ps_4.2
3,271,RIL_64.2
3,272,RIL_127.4
3,273,RIL_107.4
3,274,MA563_Ps_5.3
3,275,N2 GO ANC_Ps_1.1
3,276,RIL_130.1
3,277,RIL_77.1
3,278,RIL_74.4
3,279,RIL_86.4
3,280,RIL_72.2
3,281,RIL_87.2
3,282,RIL_68.5
3,283,RIL_76.2
3,284,MA530_Ps_3.3
3,285,RIL_49.5
3,286,RIL_78.4
3,287,RIL_145.4
3,288,RIL_101.4
3,289,RIL_121.5
3,290,MA530_Ps_5.3
3,291,RIL_82.1
3,292,RIL_47.3
3,293,RIL_61.1
3,294,RIL_101.5
3,295,RIL_66.5
3,296,RIL_128.1
3,297,MA530_Ps_5.1
3,298,RIL_108.3
3,299,RIL_113.5
3,300,RIL_71.3
3,301,RIL_102.3
3,302,RIL_165.4
3,303,RIL_113.2
3,304,RIL_68.1
3,305,RIL_62.4
3,306,RIL_147.2
3,307,RIL_111.2
3,308,MA530_Ps_4.1
3,309,RIL_64.4
3,310,RIL_80.1
3,311,RIL_58.2
3,312,MA530_Ps_6.2
3,313,RIL_149.1
3,314,RIL_166.2
3,315,RIL_90.3
3,316,RIL_130.5
3,317,MA530_Ps_4.2
3,318,RIL_103.1
3,319,RIL_154.2
3,320,N2 GO ANC_Ps_1.3
3,321,RIL_158.3
3,322,RIL_98.4
3,323,RIL_60.1
3,324,RIL_85.5
3,325,RIL_160.3
3,326,RIL_75.1
3,327,RIL_145.5
3,328,RIL_131.1
3,329,RIL_93.5
3,330,RIL_67.2
3,331,RIL_164.5
3,332,RIL_80.2
3,333,RIL_105.1
3,334,RIL_110.4
3,335,RIL_134.3
3,336,RIL_94.2
3,337,RIL_63.1
3,338,RIL_92.5
3,339,RIL_47.5
3,340,RIL_82.5
3,341,RIL_114.2
3,342,RIL_141.1
3,343,RIL_49.1
3,344,RIL_98.5
3,345,RIL_101.1
3,346,RIL_99.5
3,347,MA530_Ps_6.3
3,348,RIL_137.5
3,349,RIL_162.4
3,350,MA563_Ps_4.2
3,351,RIL_58.4
3,352,MA530_Ps_4.5
3,353,RIL_54.1
3,354,RIL_151.4
3,355,MA563_Ps_1.3
3,356,RIL_152.3
3,357,MA530_Ps_3.4
3,358,RIL_103.2
3,359,RIL_164.4
3,360,RIL_137.4
3,361,RIL_96.5
3,362,RIL_113.4
3,363,RIL_72.5
3,364,RIL_123.4
3,365,RIL_140.5
3,366,RIL_157.5
3,367,RIL_74.3
3,368,RIL_146.4
3,369,RIL_138.3
3,370,RIL_146.1
3,371,RIL_63.3
3,372,RIL_113.1
3,373,RIL_81.3
3,374,RIL_85.1
3,375,RIL_78.3
3,376,RIL_80.4
3,377,RIL_61.4
3,378,RIL_142.5
3,379,RIL_161.4
3,380,RIL_67.4
3,381,RIL_163.5
3,382,RIL_138.5
3,383,MA563_Ps_6.2
3,384,RIL_87.4
3,385,RIL_137.1
3,386,RIL_162.3
3,387,RIL_113.3
3,388,RIL_58.3
3,389,RIL_55.1
3,390,RIL_56.2
3,391,RIL_96.2
3,392,MA563_Ps_5.4
3,393,RIL_65.4
3,394,RIL_72.4
3,395,RIL_94.1
3,396,N2 GO ANC_Ps_6.2
3,397,N2 GO ANC_Ps_2.1
3,398,RIL_144.5
3,399,RIL_57.2
3,400,RIL_56.1
3,401,RIL_135.3
3,402,RIL_166.5
3,403,RIL_128.4
3,404,RIL_157.4
3,405,N2 GO ANC_Ps_2.3
3,406,RIL_161.5
3,407,MA563_Ps_4.4
3,408,RIL_116.5
3,409,RIL_163.2
3,410,RIL_105.5
3,411,RIL_71.1
3,412,RIL_121.1
3,413,RIL_148.4
3,414,RIL_127.5
3,415,RIL_138.2
3,416,RIL_156.4
3,417,RIL_123.5
3,418,RIL_148.3
3,419,RIL_85.4
3,420,RIL_62.2
3,421,RIL_165.1
3,422,RIL_71.5
3,423,RIL_91.4
3,424,RIL_53.1
3,425,RIL_91.5
3,426,RIL_160.5
3,427,RIL_98.1
3,428,RIL_112.2
3,429,RIL_139.4
3,430,RIL_147.1
3,431,RIL_54.2
3,432,RIL_136.4
3,433,RIL_53.2
3,434,RIL_98.2
3,435,RIL_121.3
3,436,RIL_100.2
3,437,RIL_50.2
3,438,RIL_74.5
3,439,RIL_48.3
3,440,RIL_77.3
3,441,MA530_Ps_1.3
3,442,RIL_131.3
3,443,RIL_125.4
3,444,RIL_162.2
3,445,RIL_128.5
3,446,RIL_156.2
3,447,RIL_129.2
3,448,RIL_54.5
3,449,RIL_141.5
3,450,RIL_140.2
3,451,RIL_147.3
3,452,RIL_67.3
3,453,RIL_88.4
3,454,RIL_84.5
3,455,RIL_88.2
3,456,RIL_112.1
3,457,RIL_153.2
3,458,RIL_152.1
3,459,RIL_85.2
3,460,RIL_142.2
3,461,RIL_132.1
3,462,RIL_111.5
3,463,RIL_70.1
3,464,RIL_141.2
3,465,RIL_91.1
3,466,RIL_103.3
3,467,RIL_51.5
3,468,RIL_104.1
3,469,MA563_Ps_4.1
3,470,RIL_156.1
3,471,RIL_133.4
3,472,RIL_124.2
3,473,RIL_115.5
3,474,RIL_112.3
3,475,RIL_160.4
3,476,RIL_66.3
3,477,RIL_125.3
3,478,N2 GO ANC_Ps_5.5
3,479,RIL_88.1
3,480,RIL_159.1
3,481,RIL_90.1
3,482,RIL_123.3
3,483,RIL_147.5
3,484,RIL_131.4
3,485,RIL_130.2
3,486,RIL_91.3
3,487,RIL_78.5
3,488,RIL_75.5
3,489,RIL_135.1
3,490,RIL_50.1
3,491,RIL_106.3
3,492,N2 GO ANC_Ps_5.2
3,493,RIL_163.3
3,494,RIL_81.2
3,495,RIL_79.1
3,496,RIL_119.1
3,497,RIL_64.5
3,498,RIL_108.1
3,499,RIL_128.3
3,500,RIL_118.2
3,501,RIL_158.5
3,502,RIL_159.4
3,503,RIL_73.5
3,504,MA563_Ps_3.5
3,505,RIL_114.5
3,506,RIL_57.5
3,507,RIL_136.5
3,508,RIL_126.2
3,509,RIL_104.3
3,510,RIL_110.5
3,511,RIL_130.4
3,512,RIL_87.1
3,513,RIL_142.3
3,514,RIL_92.2
3,515,RIL_75.2
3,516,RIL_143.4
3,517,RIL_93.4
3,518,RIL_97.5
3,519,RIL_90.5
3,520,RIL_79.2
3,521,RIL_139.2
3,522,N2 GO ANC_Ps_3.3
3,523,RIL_79.3
3,524,RIL_135.4
3,525,RIL_116.3
3,526,RIL_64.1
3,527,RIL_154.4
3,528,RIL_111.3
3,529,RIL_120.4
3,530,RIL_99.2
3,531,RIL_153.3
3,532,RIL_129.3
3,533,RIL_151.2
3,534,N2 GO ANC_Ps_4.3
3,535,RIL_143.1
3,536,RIL_162.1
3,537,RIL_161.1
3,538,N2 GO ANC_Ps_6.4
3,539,MA563_Ps_2.4
3,540,MA563_Ps_6.3
3,541,RIL_69.4
3,542,RIL_116.2
3,543,RIL_50.5
3,544,RIL_102.4
3,545,RIL_89.1
3,546,RIL_63.4
3,547,RIL_122.3
3,548,RIL_133.2
3,549,RIL_59.1
3,550,MA530_Ps_2.3
3,551,RIL_70.3
3,552,RIL_127.1
3,553,RIL_73.2
3,554,RIL_81.5
3,555,RIL_133.3
3,556,RIL_57.3
3,557,N2 GO ANC_Ps_2.4
3,558,RIL_53.3
3,559,RIL_57.1
3,560,RIL_160.1
3,561,RIL_158.2
3,562,RIL_136.3
3,563,RIL_122.1
3,564,N2 GO ANC_Ps_2.5
3,565,RIL_95.1
3,566,RIL_70.2
3,567,RIL_50.4
3,568,RIL_153.4
3,569,RIL_65.1
3,570,RIL_56.5
3,571,RIL_52.1
3,572,RIL_115.3
3,573,RIL_116.1
3,574,RIL_60.4
3,575,RIL_134.5
3,576,RIL_146.3
3,577,RIL_145.1
3,578,RIL_94.4
3,579,RIL_118.5
3,580,RIL_58.5
3,581,MA563_Ps_1.5
3,582,RIL_100.4
3,583,RIL_100.5
3,584,RIL_95.5
3,585,RIL_97.1
3,586,MA563_Ps_3.2
3,587,RIL_92.4
3,588,RIL_78.2
3,589,N2 GO ANC_Ps_3.4
3,590,RIL_117.2
3,591,RIL_103.4
3,592,N2 GO ANC_Ps_3.1
3,593,RIL_82.3
3,594,RIL_76.1
3,595,RIL_120.2
3,596,RIL_49.3
3,597,RIL_61.2
3,598,MA563_Ps_5.1
3,599,RIL_165.3
3,600,RIL_95.4
3,601,RIL_166.1
3,602,RIL_111.4
3,603,RIL_85.3
3,604,RIL_91.2
3,605,RIL_87.3
3,606,RIL_81.1
3,607,N2 GO ANC_Ps_4.4
3,608,RIL_70.5
3,609,RIL_152.4
3,610,RIL_76.5
3,611,RIL_114.4
3,612,RIL_120.3
3,613,RIL_86.1
3,614,RIL_114.1
3,615,RIL_53.5
3,616,MA530_Ps_5.2
3,617,N2 GO ANC_Ps_5.1
3,618,RIL_149.5
3,619,MA563_Ps_6.1
3,620,RIL_107.1
3,621,RIL_152.2
3,622,N2 GO ANC_Ps_5.4
3,623,RIL_88.3
3,624,RIL_83.1
3,625,RIL_158.4
3,626,RIL_71.4
3,627,RIL_153.5
3,628,RIL_116.4
3,629,RIL_144.4
3,630,RIL_151.5
3,631,RIL_161.2
3,632,MA563_Ps_2.1
3,633,RIL_120.1
3,634,RIL_70.4
3,635,RIL_150.1
3,636,RIL_80.3
3,637,MA563_Ps_6.4
3,638,MA563_Ps_3.3
3,639,RIL_155.5
3,640,RIL_50.3
3,641,RIL_75.3
3,642,RIL_72.1
3,643,RIL_77.4
3,644,RIL_138.4
3,645,RIL_132.2
3,646,RIL_63.5
3,647,RIL_87.5
3,648,RIL_150.5
3,649,RIL_66.4
3,650,RIL_95.3
3,651,RIL_143.2
3,652,RIL_123.2
3,653,RIL_56.3
3,654,RIL_166.3
3,655,RIL_107.5
3,656,RIL_152.5
3,657,MA530_Ps_4.3
3,658,RIL_139.3
3,659,RIL_52.3
3,660,RIL_109.2
3,661,RIL_108.4
3,662,RIL_147.4
3,663,RIL_134.1
3,664,RIL_62.3
3,665,RIL_139.5
3,666,RIL_102.5
3,667,RIL_132.4
3,668,RIL_66.1
3,669,RIL_69.1
3,670,RIL_77.5
3,671,RIL_100.3
3,672,MA530_Ps_1.2
3,673,RIL_82.4
3,674,RIL_90.2
3,675,RIL_115.4
3,676,RIL_111.1
3,677,RIL_134.2
3,678,RIL_123.1
3,679,RIL_84.3
3,680,RIL_93.2
3,681,RIL_131.2
3,682,RIL_68.4
3,683,MA530_Ps_1.5
3,684,RIL_54.3
3,685,RIL_143.3
3,686,RIL_127.2
3,687,RIL_48.4
3,688,RIL_110.2
3,689,RIL_133.1
3,690,N2 GO ANC_Ps_4.5
4,1,N2 GO ANC_Ps_2.1
4,2,N2 GO ANC_Ps_1.5
4,3,RIL_258.5
4,4,RIL_173.5
4,5,RIL_209.1
4,6,RIL_258.4
4,7,RIL_264.4
4,8,RIL_223.2
4,9,RIL_285.5
4,10,RIL_257.4
4,11,MA530_Ps_3.5
4,12,RIL_195.3
4,13,RIL_225.2
4,14,MA530_Ps_1.3
4,15,RIL_232.5
4,16,RIL_192.4
4,17,RIL_238.2
4,18,RIL_191.4
4,19,RIL_217.4
4,20,RIL_215.3
4,21,RIL_253.5
4,22,RIL_179.4
4,23,RIL_255.2
4,24,RIL_206.1
4,25,RIL_210.3
4,26,RIL_203.2
4,27,RIL_171.3
4,28,RIL_277.2
4,29,RIL_169.4
4,30,MA563_Ps_6.1
4,31,RIL_231.5
4,32,RIL_262.3
4,33,RIL_220.3
4,34,N2 GO ANC_Ps_4.2
4,35,RIL_236.4
4,36,RIL_223.5
4,37,RIL_169.2
4,38,RIL_204.4
4,39,RIL_248.4
4,40,RIL_179.5
4,41,RIL_202.1
4,42,RIL_276.1
4,43,RIL_226.1
4,44,RIL_252.5
4,45,RIL_183.1
4,46,RIL_192.3
4,47,RIL_175.5
4,48,RIL_247.2
4,49,RIL_265.3
4,50,RIL_263.2
4,51,RIL_203.3
4,52,RIL_246.5
4,53,RIL_167.5
4,54,RIL_223.3
4,55,RIL_256.4
4,56,RIL_277.5
4,57,RIL_240.1
4,58,N2 GO ANC_Ps_5.4
4,59,RIL_289.2
4,60,RIL_176.4
4,61,RIL_263.3
4,62,RIL_264.2
4,63,N2 GO ANC_Ps_2.4
4,64,RIL_262.2
4,65,RIL_228.1
4,66,RIL_273.3
4,67,RIL_203.4
4,68,RIL_273.2
4,69,RIL_198.3
4,70,RIL_217.2
4,71,RIL_275.2
4,72,MA530_Ps_5.4
4,73,RIL_261.4
4,74,RIL_201.2
4,75,RIL_222.3
4,76,RIL_255.4
4,77,RIL_235.4
4,78,RIL_199.5
4,79,RIL_264.5
4,80,RIL_202.3
4,81,RIL_213.1
4,82,RIL_276.5
4,83,RIL_173.3
4,84,RIL_244.1
4,85,MA563_Ps_5.4
4,86,MA563_Ps_3.2
4,87,RIL_241.1
4,88,MA563_Ps_6.5
4,89,RIL_188.4
4,90,MA563_Ps_2.4
4,91,RIL_220.2
4,92,RIL_219.5
4,93,RIL_226.4
4,94,RIL_181.2
4,95,MA563_Ps_1.1
4,96,N2 GO ANC_Ps_3.5
4,97,RIL_275.5
4,98,RIL_177.5
4,99,RIL_222.2
4,100,RIL_200.2
4,101,RIL_186.1
4,102,RIL_213.5
4,103,RIL_210.4
4,104,RIL_167.1
4,105,RIL_245.2
4,106,N2 GO ANC_Ps_6.3
4,107,RIL_278.4
4,108,MA563_Ps_5.2
4,109,RIL_172.4
4,110,RIL_242.4
4,111,RIL_284.1
4,112,RIL_255.5
4,113,RIL_169.3
4,114,RIL_184.4
4,115,RIL_203.1
4,116,RIL_186.4
4,117,RIL_283.3
4,118,RIL_210.1
4,119,RIL_249.2
4,120,RIL_193.3
4,121,RIL_240.5
4,122,RIL_271.4
4,123,RIL_168.3
4,124,RIL_268.5
4,125,RIL_175.3
4,126,RIL_168.1
4,127,RIL_196.5
4,128,RIL_278.5
4,129,RIL_208.2
4,130,RIL_284.5
4,131,RIL_169.5
4,132,RIL_217.1
4,133,MA563_Ps_5.1
4,134,RIL_278.2
4,135,RIL_175.1
4,136,RIL_216.2
4,137,RIL_182.3
4,138,RIL_209.5
4,139,RIL_260.3
4,140,RIL_288.5
4,141,RIL_281.4
4,142,MA563_Ps_1.5
4,143,N2 GO ANC_Ps_2.5
4,144,N2 GO ANC_Ps_2.2
4,145,RIL_265.5
4,146,RIL_191.2
4,147,RIL_230.4
4,148,RIL_204.3
4,149,RIL_214.3
4,150,MA530_Ps_3.4
4,151,RIL_174.3
4,152,RIL_230.1
4,153,RIL_170.5
4,154,MA563_Ps_1.3
4,155,RIL_286.1
4,156,RIL_266.5
4,157,RIL_191.1
4,158,N2 GO ANC_Ps_3.4
4,159,RIL_213.3
4,160,MA563_Ps_6.2
4,161,RIL_288.3
4,162,MA530_Ps_2.4
4,163,RIL_278.3
4,164,N2 GO ANC_Ps_4.1
4,165,RIL_211.2
4,166,RIL_187.5
4,167,RIL_256.2
4,168,RIL_197.3
4,169,RIL_270.3
4,170,RIL_218.1
4,171,RIL_269.3
4,172,RIL_171.5
4,173,RIL_268.3
4,174,RIL_219.3
4,175,RIL_200.5
4,176,RIL_212.1
4,177,RIL_187.2
4,178,RIL_286.3
4,179,RIL_289.3
4,180,RIL_176.1
4,181,RIL_172.1
4,182,RIL_281.5
4,183,RIL_182.4
4,184,N2 GO ANC_Ps_6.4
4,185,RIL_237.4
4,186,RIL_283.2
4,187,RIL_284.3
4,188,RIL_282.2
4,189,RIL_216.5
4,190,RIL_224.2
4,191,RIL_188.1
4,192,RIL_219.2
4,193,RIL_186.2
4,194,RIL_234.3
4,195,RIL_267.3
4,196,RIL_279.1
4,197,RIL_251.2
4,198,RIL_287.4
4,199,RIL_195.1
4,200,RIL_184.3
4,201,RIL_206.5
4,202,RIL_177.3
4,203,RIL_235.2
4,204,RIL_228.5
4,205,RIL_213.2
4,206,MA530_Ps_1.5
4,207,RIL_269.4
4,208,RIL_196.4
4,209,RIL_249.1
4,210,RIL_265.2
4,211,RIL_205.1
4,212,N2 GO ANC_Ps_5.5
4,213,RIL_287.3
4,214,MA563_Ps_2.1
4,215,RIL_252.3
4,216,RIL_236.2
4,217,RIL_199.1
4,218,RIL_275.1
4,219,RIL_197.4
4,220,RIL_266.4
4,221,RIL_178.2
4,222,RIL_250.3
4,223,RIL_176.2
4,224,RIL_285.3
4,225,RIL_185.1
4,226,RIL_194.2
4,227,RIL_211.3
4,228,RIL_201.3
4,229,RIL_269.5
4,230,RIL_270.5
4,231,MA530_Ps_2.3
4,232,RIL_219.1
4,233,RIL_277.3
4,234,RIL_233.2
4,235,RIL_266.1
4,236,RIL_220.1
4,237,RIL_288.2
4,238,RIL_206.2
4,239,RIL_220.4
4,240,RIL_247.1
4,241,RIL_254.3
4,242,N2 GO ANC_Ps_3.3
4,243,RIL_266.3
4,244,RIL_289.4
4,245,RIL_245.4
4,246,RIL_275.4
4,247,RIL_280.5
4,248,MA563_Ps_4.1
4,249,RIL_181.1
4,250,RIL_205.4
4,251,RIL_283.4
4,252,RIL_228.4
4,253,RIL_246.4
4,254,RIL_178.4
4,255,MA530_Ps_4.4
4,256,RIL_280.2
4,257,RIL_237.2
4,258,RIL_263.5
4,259,RIL_275.3
4,260,RIL_249.4
4,261,RIL_225.1
4,262,MA563_Ps_3.1
4,263,RIL_185.3
4,264,RIL_230.3
4,265,RIL_244.4
4,266,RIL_189.5
4,267,RIL_251.4
4,268,RIL_255.3
4,269,RIL_194.1
4,270,RIL_262.1
4,271,RIL_270.4
4,272,RIL_289.1
4,273,RIL_187.4
4,274,RIL_252.4
4,275,RIL_201.5
4,276,RIL_207.4
4,277,RIL_184.2
4,278,MA563_Ps_3.3
4,279,RIL_175.4
4,280,RIL_241.4
4,281,RIL_280.1
4,282,RIL_272.3
4,283,RIL_244.2
4,284,RIL_225.5
4,285,RIL_201.1
4,286,RIL_256.3
4,287,RIL_170.2
4,288,RIL_241.2
4,289,RIL_217.5
4,290,RIL_211.4
4,291,RIL_240.2
4,292,RIL_186.3
4,293,RIL_248.1
4,294,RIL_216.3
4,295,RIL_218.4
4,296,RIL_264.3
4,297,RIL_218.5
4,298,RIL_266.2
4,299,N2 GO ANC_Ps_3.2
4,300,RIL_182.2
4,301,RIL_286.4
4,302,MA530_Ps_6.4
4,303,RIL_209.3
4,304,RIL_169.1
4,305,RIL_262.5
4,306,RIL_192.2
4,307,RIL_183.5
4,308,RIL_224.4
4,309,RIL_216.4
4,310,RIL_286.2
4,311,RIL_244.5
4,312,RIL_209.4
4,313,RIL_168.4
4,314,RIL_176.3
4,315,RIL_228.2
4,316,RIL_198.1
4,317,RIL_215.1
4,318,RIL_261.1
4,319,RIL_286.5
4,320,RIL_242.1
4,321,RIL_283.1
4,322,MA530_Ps_3.1
4,323,MA530_Ps_6.1
4,324,RIL_262.4
4,325,RIL_199.4
4,326,RIL_241.3
4,327,MA530_Ps_2.5
4,328,RIL_247.4
4,329,RIL_208.1
4,330,RIL_173.4
4,331,N2 GO ANC_Ps_1.1
4,332,MA530_Ps_2.2
4,333,RIL_200.1
4,334,RIL_281.3
4,335,RIL_259.4
4,336,RIL_270.2
4,337,MA563_Ps_5.5
4,338,RIL_253.2
4,339,RIL_233.4
4,340,RIL_188.5
4,341,RIL_264.1
4,342,MA530_Ps_4.5
4,343,RIL_283.5
4,344,N2 GO ANC_Ps_4.3
4,345,N2 GO ANC_Ps_1.2
4,346,RIL_180.5
4,347,RIL_248.3
4,348,RIL_273.5
4,349,RIL_269.1
4,350,RIL_192.1
4,351,RIL_186.5
4,352,RIL_276.3
4,353,RIL_259.1
4,354,RIL_196.1
4,355,RIL_267.4
4,356,RIL_234.5
4,357,RIL_204.5
4,358,RIL_219.4
4,359,RIL_212.2
4,360,RIL_212.5
4,361,RIL_279.3
4,362,N2 GO ANC_Ps_5.2
4,363,N2 GO ANC_Ps_1.3
4,364,RIL_238.4
4,365,RIL_280.3
4,366,RIL_178.3
4,367,RIL_245.1
4,368,N2 GO ANC_Ps_3.1
4,369,RIL_254.1
4,370,MA530_Ps_6.2
4,371,RIL_259.2
4,372,MA530_Ps_4.1
4,373,RIL_233.1
4,374,RIL_224.3
4,375,RIL_205.2
4,376,RIL_181.3
4,377,RIL_260.4
4,378,RIL_180.3
4,379,RIL_252.2
4,380,RIL_197.1
4,381,RIL_214.4
4,382,RIL_252.1
4,383,RIL_253.3
4,384,RIL_211.1
4,385,MA563_Ps_4.2
4,386,RIL_237.5
4,387,RIL_204.2
4,388,RIL_271.5
4,389,RIL_239.4
4,390,RIL_195.4
4,391,RIL_185.5
4,392,RIL_255.1
4,393,RIL_237.1
4,394,MA530_Ps_2.1
4,395,RIL_257.3
4,396,RIL_234.2
4,397,RIL_225.3
4,398,RIL_232.4
4,399,RIL_236.5
4,400,RIL_189.1
4,401,RIL_246.3
4,402,RIL_170.3
4,403,RIL_282.3
4,404,RIL_287.1
4,405,RIL_249.5
4,406,RIL_289.5
4,407,MA530_Ps_5.2
4,408,RIL_284.2
4,409,RIL_177.2
4,410,RIL_212.3
4,411,MA530_Ps_4.2
4,412,RIL_231.2
4,413,RIL_250.1
4,414,RIL_265.4
4,415,RIL_179.3
4,416,RIL_251.3
4,417,RIL_224.1
4,418,RIL_190.2
4,419,RIL_206.3
4,420,RIL_251.1
4,421,RIL_242.2
4,422,RIL_203.5
4,423,RIL_282.5
4,424,MA530_Ps_6.3
4,425,RIL_261.2
4,426,RIL_176.5
4,427,RIL_254.2
4,428,RIL_229.5
4,429,RIL_196.3
4,430,RIL_204.1
4,431,RIL_288.1
4,432,RIL_214.2
4,433,RIL_189.3
4,434,RIL_271.1
4,435,RIL_183.2
4,436,RIL_173.2
4,437,RIL_194.4
4,438,RIL_230.5
4,439,RIL_182.5
4,440,RIL_226.5
4,441,RIL_253.1
4,442,RIL_240.3
4,443,RIL_214.5
4,444,RIL_181.4
4,445,MA563_Ps_2.3
4,446,RIL_188.2
4,447,MA563_Ps_2.2
4,448,RIL_232.1
4,449,RIL_215.2
4,450,RIL_207.2
4,451,RIL_247.5
4,452,RIL_177.4
4,453,RIL_194.3
4,454,RIL_229.1
4,455,RIL_259.5
4,456,RIL_285.1
4,457,RIL_229.4
4,458,RIL_239.2
4,459,MA563_Ps_3.4
4,460,RIL_238.3
4,461,N2 GO ANC_Ps_4.4
4,462,RIL_257.2
4,463,RIL_282.4
4,464,RIL_207.5
4,465,RIL_274.2
4,466,RIL_195.2
4,467,RIL_222.4
4,468,RIL_279.2
4,469,RIL_270.1
4,470,MA563_Ps_5.3
4,471,RIL_191.3
4,472,MA563_Ps_2.5
4,473,RIL_171.4
4,474,RIL_272.1
4,475,RIL_274.5
4,476,RIL_168.5
4,477,RIL_285.4
4,478,RIL_205.5
4,479,RIL_167.4
4,480,RIL_235.1
4,481,RIL_239.3
4,482,MA530_Ps_3.2
4,483,RIL_218.3
4,484,RIL_287.5
4,485,RIL_178.5
4,486,N2 GO ANC_Ps_5.1
4,487,RIL_200.4
4,488,RIL_167.3
4,489,RIL_198.4
4,490,RIL_267.1
4,491,RIL_232.3
4,492,RIL_287.2
4,493,RIL_173.1
4,494,RIL_271.3
4,495,RIL_232.2
4,496,MA530_Ps_6.5
4,497,RIL_190.5
4,498,RIL_207.3
4,499,RIL_256.1
4,500,RIL_214.1
4,501,RIL_276.2
4,502,RIL_179.1
4,503,RIL_260.1
4,504,RIL_268.1
4,505,RIL_245.3
4,506,RIL_187.1
4,507,RIL_250.4
4,508,RIL_191.5
4,509,RIL_190.3
4,510,RIL_222.5
4,511,RIL_272.4
4,512,RIL_194.5
4,513,RIL_171.2
4,514,RIL_241.5
4,515,RIL_209.2
4,516,N2 GO ANC_Ps_2.3
4,517,RIL_261.3
4,518,RIL_229.3
4,519,RIL_237.3
4,520,RIL_261.5
4,521,RIL_210.5
4,522,MA563_Ps_6.3
4,523,RIL_208.5
4,524,RIL_231.1
4,525,RIL_195.5
4,526,RIL_197.2
4,527,RIL_260.5
4,528,RIL_198.2
4,529,RIL_273.1
4,530,RIL_269.2
4,531,RIL_184.1
4,532,RIL_187.3
4,533,RIL_276.4
4,534,RIL_220.5
4,535,RIL_205.3
4,536,RIL_180.4
4,537,RIL_239.5
4,538,RIL_268.4
4,539,RIL_199.2
4,540,RIL_273.4
4,541,RIL_254.5
4,542,RIL_277.1
4,543,RIL_172.5
4,544,RIL_281.1
4,545,RIL_207.1
4,546,RIL_180.2
4,547,RIL_250.5
4,548,RIL_180.1
4,549,RIL_282.1
4,550,RIL_210.2
4,551,RIL_174.4
4,552,RIL_193.2
4,553,RIL_272.5
4,554,MA530_Ps_5.3
4,555,RIL_179.2
4,556,RIL_256.5
4,557,MA530_Ps_4.3
4,558,RIL_277.4
4,559,RIL_248.2
4,560,RIL_172.3
4,561,MA530_Ps_1.2
4,562,RIL_246.2
4,563,RIL_189.4
4,564,RIL_199.3
4,565,RIL_244.3
4,566,RIL_288.4
4,567,RIL_225.4
4,568,RIL_254.4
4,569,RIL_190.1
4,570,RIL_248.5
4,571,RIL_184.5
4,572,RIL_182.1
4,573,MA563_Ps_4.4
4,574,MA530_Ps_1.4
4,575,RIL_279.4
4,576,RIL_168.2
4,577,RIL_234.1
4,578,RIL_215.5
4,579,RIL_206.4
4,580,MA563_Ps_4.5
4,581,RIL_263.1
4,582,RIL_251.5
4,583,RIL_218.2
4,584,RIL_226.2
4,585,RIL_212.4
4,586,RIL_263.4
4,587,RIL_213.4
4,588,RIL_285.2
4,589,RIL_216.1
4,590,RIL_267.2
4,591,RIL_231.3
4,592,RIL_233.3
4,593,RIL_268.2
4,594,RIL_170.1
4,595,RIL_235.3
4,596,MA563_Ps_4.3
4,597,RIL_202.2
4,598,RIL_190.4
4,599,MA563_Ps_6.4
4,600,RIL_223.4
4,601,RIL_189.2
4,602,RIL_236.3
4,603,N2 GO ANC_Ps_6.1
4,604,RIL_234.4
4,605,N2 GO ANC_Ps_5.3
4,606,RIL_240.4
4,607,RIL_193.5
4,608,RIL_230.2
4,609,RIL_258.2
4,610,RIL_272.2
4,611,MA530_Ps_5.1
4,612,RIL_246.1
4,613,RIL_271.2
4,614,RIL_175.2
4,615,RIL_233.5
4,616,RIL_185.2
4,617,RIL_250.2
4,618,RIL_215.4
4,619,RIL_258.3
4,620,RIL_267.5
4,621,RIL_224.5
4,622,RIL_281.2
4,623,RIL_274.4
4,624,RIL_167.2
4,625,RIL_235.5
4,626,RIL_170.4
4,627,RIL_196.2
4,628,RIL_258.1
4,629,N2 GO ANC_Ps_6.2
4,630,RIL_239.1
4,631,RIL_229.2
4,632,RIL_193.1
4,633,RIL_192.5
4,634,RIL_222.1
4,635,RIL_181.5
4,636,RIL_202.4
4,637,RIL_274.1
4,638,RIL_253.4
4,639,RIL_223.1
4,640,RIL_171.1
4,641,N2 GO ANC_Ps_4.5
4,642,RIL_202.5
4,643,RIL_177.1
4,644,RIL_260.2
4,645,RIL_278.1
4,646,RIL_242.5
4,647,N2 GO ANC_Ps_6.5
4,648,RIL_238.5
4,649,RIL_183.4
4,650,RIL_259.3
4,651,RIL_200.3
4,652,RIL_201.4
4,653,RIL_284.4
4,654,RIL_174.2
4,655,RIL_242.3
4,656,MA530_Ps_1.1
4,657,MA563_Ps_1.2
4,658,RIL_174.1
4,659,RIL_183.3
4,660,RIL_247.3
4,661,RIL_193.4
4,662,RIL_208.3
4,663,MA530_Ps_5.5
4,664,MA563_Ps_3.5
4,665,RIL_211.5
4,666,RIL_185.4
4,667,RIL_198.5
4,668,RIL_274.3
4,669,RIL_231.4
4,670,MA563_Ps_1.4
4,671,RIL_257.5
4,672,RIL_197.5
4,673,RIL_265.1
4,674,RIL_249.3
4,675,RIL_236.1
4,676,RIL_280.4
4,677,RIL_228.3
4,678,RIL_238.1
4,679,RIL_245.5
4,680,RIL_188.3
4,681,RIL_178.1
4,682,RIL_174.5
4,683,RIL_172.2
4,684,MA530_Ps_3.3
4,685,RIL_208.4
4,686,RIL_226.3
4,687,RIL_217.3
4,688,RIL_279.5
4,689,N2 GO ANC_Ps_1.4
4,690,RIL_257.1
5,1,RIL_375.3
5,2,RIL_311.4
5,3,RIL_407.5
5,4,RIL_393.5
5,5,RIL_364.4
5,6,RIL_346.2
5,7,RIL_356.2
5,8,RIL_333.2
5,9,RIL_319.2
5,10,RIL_405.1
5,11,RIL_308.2
5,12,RIL_357.2
5,13,RIL_293.4
5,14,RIL_357.1
5,15,RIL_375.4
5,16,N2 GO ANC_Ps_4.4
5,17,RIL_404.5
5,18,RIL_394.3
5,19,RIL_347.2
5,20,RIL_292.4
5,21,RIL_359.2
5,22,RIL_407.3
5,23,RIL_365.3
5,24,RIL_372.3
5,25,RIL_396.1
5,26,RIL_341.2
5,27,N2 GO ANC_Ps_1.1
5,28,RIL_357.4
5,29,RIL_370.4
5,30,RIL_394.2
5,31,RIL_336.3
5,32,RIL_344.4
5,33,MA563_Ps_1.2
5,34,RIL_353.3
5,35,RIL_400.5
5,36,RIL_393.3
5,37,RIL_329.3
5,38,RIL_394.5
5,39,RIL_373.5
5,40,RIL_350.2
5,41,RIL_349.1
5,42,RIL_299.3
5,43,RIL_340.5
5,44,RIL_366.1
5,45,RIL_341.4
5,46,RIL_405.4
5,47,RIL_321.5
5,48,RIL_297.2
5,49,RIL_398.5
5,50,RIL_384.1
5,51,RIL_319.4
5,52,RIL_372.4
5,53,RIL_348.4
5,54,RIL_397.4
5,55,MA530_Ps_1.2
5,56,MA530_Ps_6.1
5,57,RIL_381.2
5,58,RIL_358.1
5,59,RIL_406.5
5,60,RIL_322.2
5,61,RIL_306.5
5,62,MA563_Ps_5.1
5,63,RIL_378.1
5,64,RIL_352.2
5,65,RIL_324.5
5,66,RIL_328.4
5,67,RIL_296.2
5,68,RIL_399.3
5,69,RIL_404.3
5,70,RIL_409.1
5,71,RIL_341.3
5,72,RIL_345.4
5,73,MA530_Ps_2.1
5,74,N2 GO ANC_Ps_5.1
5,75,RIL_329.2
5,76,RIL_402.3
5,77,RIL_403.3
5,78,N2 GO ANC_Ps_2.3
5,79,RIL_397.5
5,80,RIL_409.3
5,81,RIL_303.1
5,82,MA563_Ps_2.5
5,83,RIL_392.5
5,84,RIL_296.4
5,85,RIL_332.1
5,86,RIL_344.5
5,87,RIL_372.1
5,88,RIL_293.2
5,89,RIL_384.4
5,90,RIL_379.2
5,91,RIL_387.4
5,92,RIL_310.5
5,93,RIL_391.4
5,94,MA530_Ps_4.3
5,95,RIL_375.5
5,96,RIL_388.5
5,97,RIL_399.2
5,98,RIL_368.2
5,99,RIL_313.1
5,100,RIL_361.1
5,101,RIL_307.5
5,102,N2 GO ANC_Ps_3.5
5,103,RIL_367.5
5,104,RIL_367.4
5,105,RIL_336.5
5,106,RIL_337.5
5,107,RIL_305.2
5,108,RIL_370.3
5,109,RIL_337.2
5,110,N2 GO ANC_Ps_5.4
5,111,RIL_361.4
5,112,RIL_379.5
5,113,RIL_346.1
5,114,RIL_386.3
5,115,RIL_399.5
5,116,RIL_293.1
5,117,RIL_320.1
5,118,RIL_322.4
5,119,MA530_Ps_5.3
5,120,RIL_352.3
5,121,RIL_325.3
5,122,RIL_359.1
5,123,RIL_403.1
5,124,RIL_333.4
5,125,RIL_311.5
5,126,RIL_392.2
5,127,RIL_343.3
5,128,RIL_350.5
5,129,RIL_385.1
5,130,RIL_410.3
5,131,MA563_Ps_3.3
5,132,RIL_293.5
5,133,RIL_408.2
5,134,RIL_378.4
5,135,RIL_290.5
5,136,RIL_325.2
5,137,RIL_344.3
5,138,RIL_365.4
5,139,RIL_317.1
5,140,RIL_313.4
5,141,RIL_364.2
5,142,RIL_398.4
5,143,RIL_326.1
5,144,RIL_340.3
5,145,RIL_295.5
5,146,RIL_400.2
5,147,RIL_320.2
5,148,RIL_362.3
5,149,RIL_307.2
5,150,RIL_353.2
5,151,RIL_362.1
5,152,RIL_377.2
5,153,RIL_371.4
5,154,N2 GO ANC_Ps_1.4
5,155,RIL_305.1
5,156,MA563_Ps_6.1
5,157,RIL_306.3
5,158,RIL_389.3
5,159,RIL_345.3
5,160,RIL_305.4
5,161,RIL_355.4
5,162,RIL_322.3
5,163,RIL_307.4
5,164,N2 GO ANC_Ps_4.3
5,165,RIL_297.4
5,166,RIL_312.3
5,167,RIL_298.1
5,168,RIL_351.2
5,169,RIL_388.1
5,170,RIL_330.3
5,171,MA563_Ps_4.2
5,172,RIL_308.5
5,173,RIL_336.1
5,174,RIL_367.1
5,175,RIL_346.4
5,176,RIL_315.5
5,177,RIL_402.2
5,178,N2 GO ANC_Ps_3.4
5,179,RIL_300.5
5,180,RIL_390.4
5,181,RIL_327.1
5,182,RIL_371.1
5,183,RIL_340.2
5,184,N2 GO ANC_Ps_6.2
5,185,RIL_311.2
5,186,RIL_374.2
5,187,MA530_Ps_1.3
5,188,RIL_388.2
5,189,MA563_Ps_1.4
5,190,RIL_390.3
5,191,MA563_Ps_2.4
5,192,RIL_390.2
5,193,RIL_403.4
5,194,RIL_405.2
5,195,RIL_301.4
5,196,MA530_Ps_2.4
5,197,MA530_Ps_4.5
5,198,RIL_404.1
5,199,RIL_356.4
5,200,RIL_294.2
5,201,RIL_306.4
5,202,RIL_308.1
5,203,RIL_395.4
5,204,RIL_401.3
5,205,RIL_407.4
5,206,RIL_313.3
5,207,MA530_Ps_1.4
5,208,RIL_406.4
5,209,N2 GO ANC_Ps_3.3
5,210,RIL_366.2
5,211,RIL_291.5
5,212,RIL_409.4
5,213,RIL_385.5
5,214,RIL_376.1
5,215,RIL_348.2
5,216,N2 GO ANC_Ps_6.5
5,217,RIL_382.4
5,218,RIL_317.3
5,219,RIL_401.4
5,220,N2 GO ANC_Ps_5.5
5,221,RIL_316.3
5,222,RIL_402.1
5,223,N2 GO ANC_Ps_1.2
5,224,RIL_372.5
5,225,RIL_304.4
5,226,RIL_364.3
5,227,RIL_375.2
5,228,RIL_368.1
5,229,RIL_299.5
5,230,RIL_350.3
5,231,RIL_299.2
5,232,RIL_359.3
5,233,RIL_307.1
5,234,RIL_371.3
5,235,RIL_389.2
5,236,RIL_327.5
5,237,RIL_409.5
5,238,RIL_369.5
5,239,RIL_398.3
5,240,RIL_336.4
5,241,RIL_295.2
5,242,RIL_320.3
5,243,RIL_382.5
5,244,RIL_290.2
5,245,RIL_329.1
5,246,RIL_364.5
5,247,RIL_291.2
5,248,RIL_377.4
5,249,RIL_342.1
5,250,MA563_Ps_2.2
5,251,RIL_325.1
5,252,RIL_373.3
5,253,RIL_353.4
5,254,RIL_323.2
5,255,RIL_410.4
5,256,N2 GO ANC_Ps_4.2
5,257,RIL_380.1
5,258,MA530_Ps_4.1
5,259,RIL_346.5
5,260,RIL_344.1
5,261,RIL_383.3
5,262,RIL_340.4
5,263,MA563_Ps_3.1
5,264,RIL_332.4
5,265,RIL_323.1
5,266,RIL_316.1
5,267,MA563_Ps_4.4
5,268,RIL_339.2
5,269,RIL_315.4
5,270,RIL_410.5
5,271,RIL_357.5
5,272,RIL_331.3
5,273,RIL_352.5
5,274,RIL_365.2
5,275,RIL_354.4
5,276,RIL_372.2
5,277,MA530_Ps_6.4
5,278,RIL_395.5
5,279,RIL_333.5
5,280,RIL_400.1
5,281,RIL_396.4
5,282,RIL_368.4
5,283,RIL_345.5
5,284,RIL_296.3
5,285,RIL_352.4
5,286,N2 GO ANC_Ps_6.3
5,287,RIL_302.2
5,288,RIL_383.2
5,289,RIL_326.2
5,290,RIL_373.2
5,291,RIL_316.2
5,292,RIL_348.5
5,293,RIL_364.1
5,294,RIL_314.5
5,295,RIL_302.1
5,296,RIL_330.1
5,297,MA530_Ps_2.2
5,298,RIL_354.1
5,299,RIL_342.3
5,300,RIL_354.2
5,301,RIL_304.1
5,302,RIL_382.3
5,303,MA563_Ps_2.3
5,304,RIL_342.2
5,305,RIL_307.3
5,306,RIL_297.3
5,307,RIL_327.2
5,308,RIL_298.5
5,309,RIL_360.3
5,310,RIL_396.3
5,311,RIL_369.3
5,312,RIL_300.4
5,313,RIL_343.1
5,314,RIL_406.3
5,315,RIL_391.3
5,316,RIL_391.5
5,317,RIL_358.2
5,318,RIL_329.5
5,319,RIL_291.3
5,320,RIL_340.1
5,321,RIL_314.3
5,322,RIL_290.1
5,323,MA530_Ps_6.3
5,324,RIL_308.4
5,325,RIL_314.2
5,326,RIL_393.4
5,327,RIL_300.2
5,328,N2 GO ANC_Ps_6.4
5,329,RIL_342.5
5,330,RIL_366.4
5,331,RIL_333.3
5,332,RIL_379.1
5,333,RIL_404.4
5,334,RIL_337.4
5,335,RIL_306.1
5,336,RIL_333.1
5,337,RIL_383.5
5,338,RIL_330.4
5,339,RIL_295.4
5,340,RIL_349.5
5,341,RIL_369.4
5,342,RIL_399.4
5,343,RIL_387.2
5,344,RIL_290.3
5,345,MA563_Ps_5.4
5,346,RIL_397.1
5,347,MA530_Ps_3.1
5,348,RIL_349.4
5,349,RIL_355.2
5,350,RIL_299.4
5,351,MA530_Ps_4.4
5,352,RIL_337.1
5,353,RIL_324.4
5,354,RIL_410.2
5,355,N2 GO ANC_Ps_1.5
5,356,RIL_377.3
5,357,RIL_313.5
5,358,RIL_312.1
5,359,RIL_379.3
5,360,RIL_351.4
5,361,RIL_380.4
5,362,RIL_367.3
5,363,RIL_383.1
5,364,RIL_319.5
5,365,RIL_291.4
5,366,RIL_363.4
5,367,RIL_335.1
5,368,RIL_310.2
5,369,RIL_357.3
5,370,RIL_310.1
5,371,RIL_385.3
5,372,RIL_351.3
5,373,RIL_302.3
5,374,RIL_377.5
5,375,RIL_327.4
5,376,RIL_399.1
5,377,N2 GO ANC_Ps_5.3
5,378,N2 GO ANC_Ps_2.5
5,379,RIL_370.5
5,380,RIL_377.1
5,381,RIL_363.2
5,382,RIL_403.2
5,383,RIL_395.2
5,384,RIL_390.1
5,385,RIL_347.1
5,386,RIL_326.4
5,387,RIL_316.5
5,388,RIL_304.5
5,389,RIL_398.1
5,390,RIL_376.4
5,391,RIL_304.2
5,392,RIL_395.3
5,393,RIL_400.4
5,394,RIL_350.4
5,395,RIL_396.2
5,396,N2 GO ANC_Ps_5.2
5,397,RIL_410.1
5,398,RIL_326.5
5,399,RIL_362.4
5,400,RIL_331.1
5,401,RIL_405.5
5,402,RIL_385.4
5,403,RIL_387.3
5,404,RIL_374.5
5,405,RIL_381.3
5,406,MA530_Ps_5.2
5,407,RIL_345.2
5,408,RIL_312.4
5,409,N2 GO ANC_Ps_1.3
5,410,MA530_Ps_3.5
5,411,MA530_Ps_6.5
5,412,RIL_330.2
5,413,MA563_Ps_6.3
5,414,RIL_344.2
5,415,RIL_334.3
5,416,RIL_292.1
5,417,RIL_343.5
5,418,RIL_363.1
5,419,RIL_366.3
5,420,RIL_347.4
5,421,RIL_353.1
5,422,RIL_406.1
5,423,RIL_381.1
5,424,RIL_380.2
5,425,RIL_353.5
5,426,RIL_335.2
5,427,RIL_374.1
5,428,RIL_361.3
5,429,RIL_326.3
5,430,RIL_381.4
5,431,RIL_338.2
5,432,RIL_328.1
5,433,RIL_315.3
5,434,RIL_354.3
5,435,MA530_Ps_2.3
5,436,MA563_Ps_5.2
5,437,MA563_Ps_1.1
5,438,RIL_371.2
5,439,RIL_389.4
5,440,RIL_387.1
5,441,RIL_392.1
5,442,RIL_374.4
5,443,RIL_302.4
5,444,MA530_Ps_5.5
5,445,RIL_302.5
5,446,RIL_408.1
5,447,RIL_312.2
5,448,RIL_303.2
5,449,RIL_359.5
5,450,MA530_Ps_1.1
5,451,RIL_343.4
5,452,RIL_322.1
5,453,RIL_392.4
5,454,MA563_Ps_6.4
5,455,RIL_325.5
5,456,RIL_391.1
5,457,RIL_339.3
5,458,RIL_318.1
5,459,RIL_403.5
5,460,RIL_394.4
5,461,RIL_362.5
5,462,RIL_368.5
5,463,RIL_354.5
5,464,RIL_328.2
5,465,RIL_296.1
5,466,RIL_355.3
5,467,RIL_323.4
5,468,MA563_Ps_4.3
5,469,RIL_318.5
5,470,RIL_406.2
5,471,RIL_314.4
5,472,RIL_338.5
5,473,RIL_299.1
5,474,MA563_Ps_5.5
5,475,RIL_320.4
5,476,RIL_365.5
5,477,RIL_393.2
5,478,RIL_325.4
5,479,RIL_336.2
5,480,RIL_388.3
5,481,RIL_369.2
5,482,RIL_362.2
5,483,RIL_373.4
5,484,RIL_310.3
5,485,RIL_390.5
5,486,RIL_295.3
5,487,RIL_368.3
5,488,RIL_334.5
5,489,RIL_347.3
5,490,RIL_290.4
5,491,RIL_294.3
5,492,RIL_405.3
5,493,RIL_352.1
5,494,MA563_Ps_3.5
5,495,RIL_303.4
5,496,RIL_332.2
5,497,RIL_348.1
5,498,RIL_384.5
5,499,RIL_339.1
5,500,RIL_393.1
5,501,RIL_324.1
5,502,RIL_335.3
5,503,RIL_347.5
5,504,MA530_Ps_3.4
5,505,RIL_318.3
5,506,RIL_314.1
5,507,N2 GO ANC_Ps_2.4
5,508,RIL_370.2
5,509,N2 GO ANC_Ps_2.1
5,510,MA563_Ps_4.5
5,511,RIL_371.5
5,512,RIL_319.1
5,513,RIL_334.4
5,514,MA530_Ps_4.2
5,515,RIL_376.5
5,516,RIL_376.2
5,517,RIL_328.3
5,518,RIL_337.3
5,519,RIL_351.5
5,520,RIL_363.5
5,521,MA563_Ps_2.1
5,522,RIL_343.2
5,523,MA563_Ps_4.1
5,524,RIL_338.4
5,525,RIL_358.4
5,526,RIL_382.2
5,527,RIL_292.5
5,528,RIL_294.5
5,529,RIL_373.1
5,530,RIL_383.4
5,531,N2 GO ANC_Ps_3.1
5,532,RIL_303.5
5,533,RIL_349.3
5,534,RIL_385.2
5,535,RIL_358.5
5,536,RIL_331.5
5,537,RIL_298.2
5,538,RIL_388.4
5,539,RIL_359.4
5,540,RIL_296.5
5,541,MA530_Ps_1.5
5,542,RIL_404.2
5,543,RIL_408.3
5,544,RIL_369.1
5,545,RIL_389.1
5,546,RIL_376.3
5,547,RIL_381.5
5,548,RIL_318.4
5,549,RIL_317.5
5,550,RIL_401.1
5,551,RIL_306.2
5,552,RIL_396.5
5,553,RIL_329.4
5,554,N2 GO ANC_Ps_6.1
5,555,RIL_355.1
5,556,RIL_311.3
5,557,RIL_349.2
5,558,RIL_311.1
5,559,MA530_Ps_3.3
5,560,RIL_295.1
5,561,N2 GO ANC_Ps_4.5
5,562,RIL_378.5
5,563,RIL_334.1
5,564,RIL_319.3
5,565,RIL_386.1
5,566,RIL_378.3
5,567,RIL_321.1
5,568,N2 GO ANC_Ps_4.1
5,569,RIL_356.3
5,570,RIL_332.5
5,571,RIL_409.2
5,572,RIL_386.4
5,573,RIL_356.1
5,574,RIL_301.1
5,575,RIL_408.5
5,576,RIL_323.3
5,577,RIL_379.4
5,578,RIL_301.5
5,579,RIL_324.2
5,580,RIL_322.5
5,581,RIL_312.5
5,582,RIL_367.2
5,583,MA530_Ps_5.1
5,584,RIL_360.4
5,585,MA563_Ps_5.3
5,586,RIL_321.3
5,587,RIL_361.5
5,588,RIL_407.1
5,589,N2 GO ANC_Ps_3.2
5,590,RIL_374.3
5,591,RIL_338.3
5,592,RIL_332.3
5,593,RIL_380.3
5,594,RIL_338.1
5,595,RIL_391.2
5,596,RIL_304.3
5,597,RIL_320.5
5,598,N2 GO ANC_Ps_2.2
5,599,RIL_392.3
5,600,RIL_305.3
5,601,RIL_324.3
5,602,RIL_408.4
5,603,RIL_360.1
5,604,RIL_301.2
5,605,RIL_380.5
5,606,RIL_308.3
5,607,RIL_310.4
5,608,RIL_386.5
5,609,MA530_Ps_5.4
5,610,RIL_321.2
5,611,RIL_335.4
5,612,RIL_386.2
5,613,RIL_384.2
5,614,RIL_317.2
5,615,RIL_345.1
5,616,RIL_315.1
5,617,MA563_Ps_6.5
5,618,RIL_378.2
5,619,RIL_291.1
5,620,RIL_297.5
5,621,RIL_305.5
5,622,RIL_318.2
5,623,RIL_384.3
5,624,RIL_360.2
5,625,RIL_397.3
5,626,RIL_375.1
5,627,RIL_292.3
5,628,RIL_394.1
5,629,MA563_Ps_3.4
5,630,RIL_297.1
5,631,RIL_294.1
5,632,RIL_356.5
5,633,RIL_335.5
5,634,RIL_402.4
5,635,RIL_292.2
5,636,RIL_397.2
5,637,RIL_323.5
5,638,RIL_358.3
5,639,RIL_365.1
5,640,RIL_331.2
5,641,RIL_400.3
5,642,MA563_Ps_1.5
5,643,RIL_363.3
5,644,RIL_366.5
5,645,RIL_298.3
5,646,RIL_360.5
5,647,RIL_355.5
5,648,MA563_Ps_3.2
5,649,RIL_351.1
5,650,RIL_407.2
5,651,RIL_315.2
5,652,RIL_401.2
5,653,MA530_Ps_3.2
5,654,RIL_341.5
5,655,RIL_401.5
5,656,RIL_294.4
5,657,RIL_339.4
5,658,RIL_298.4
5,659,RIL_303.3
5,660,RIL_293.3
5,661,RIL_342.4
5,662,RIL_387.5
5,663,RIL_341.1
5,664,RIL_350.1
5,665,RIL_370.1
5,666,RIL_346.3
5,667,MA530_Ps_6.2
5,668,RIL_321.4
5,669,RIL_300.1
5,670,RIL_313.2
5,671,RIL_339.5
5,672,RIL_361.2
5,673,RIL_327.3
5,674,RIL_328.5
5,675,RIL_398.2
5,676,RIL_348.3
5,677,RIL_402.5
5,678,MA563_Ps_1.3
5,679,RIL_330.5
5,680,MA563_Ps_6.2
5,681,RIL_395.1
5,682,RIL_316.4
5,683,RIL_300.3
5,684,MA530_Ps_2.5
5,685,RIL_389.5
5,686,RIL_382.1
5,687,RIL_317.4
5,688,RIL_334.2
5,689,RIL_331.4
5,690,RIL_301.3