loci,MA530,MA563
I_113752_snp,1,0
I_701137_snp,1,0
I_864367_snp,1,0
I_1200958_del,1,0
I_1549567_del,0,1
I_1978813_del,1,0
I_3269897_del,0,1
I_3410849_snp,0,1
I_7571188_snp,0,1
I_7660120_snp,0,1
I_7974500_snp,0,1
I_8727486_snp,0,1
I_8872314_snp,0,1
I_8946502_snp,0,1
I_9237828_snp,0,1
I_10709796_del,0,1
I_11427739_snp,1,0
I_11437609_snp,1,0
I_11650160_del,0,1
I_11663216_del,1,0
I_11986351_snp,0,1
I_12166146_snp,1,0
I_12234807_del,1,0
I_12483916_ins,0,1
I_12483923_snp,0,1
I_14900511_del,1,0
II_86562_del,1,0
II_1342222_snp,0,1
II_1467080_del,1,0
II_1503018_snp,0,1
II_2102592_snp,1,0
II_3310965_snp,0,1
II_3777058_snp,0,1
II_3822836_snp,1,0
II_7659435_ins,1,0
II_8344341_snp,0,1
II_10065553_del,1,0
II_10198181_snp,1,0
II_10509770_ins,0,1
II_11172345_snp,1,0
II_11438915_snp,1,0
II_11479230_snp,0,1
II_12401154_snp,0,1
II_12772511_snp,1,0
II_13239948_snp,0,1
II_15168946_del,1,0
III_6210_del,1,0
III_335838_snp,0,1
III_963559_snp,1,0
III_1243559_snp,0,1
III_1618073_ins,0,1
III_1618081_snp,0,1
III_2552806_snp,0,1
III_3771123_snp,1,0
III_4424656_snp,0,1
III_4618349_snp,0,1
III_4674547_snp,0,1
III_4900887_ins,1,0
III_5855969_snp,1,0
III_6926027_snp,1,0
III_7228580_snp,0,1
III_7620901_del,0,1
III_8144839_snp,1,0
III_8239503_snp,1,0
III_8978025_snp,0,1
III_9819058_snp,0,1
III_10503212_ins,1,0
III_10503215_ins,0,1
III_10848212_ins,0,1
III_10848213_del,0,1
III_10848216_snp,0,1
III_10848221_snp,0,1
III_10992182_snp,1,0
III_11064860_snp,0,1
III_11485833_snp,0,1
III_11569397_del,1,0
III_11992988_snp,1,0
III_12523674_del,0,1
III_12579079_snp,0,1
III_12776645_snp,1,0
III_12995844_snp,1,0
III_13394314_snp,1,0
IV_280685_del,1,0
IV_360680_snp,1,0
IV_1072423_snp,1,0
IV_1725375_snp,0,1
IV_1742939_del,0,1
IV_2050979_del,1,0
IV_2692904_del,0,1
IV_3121162_snp,1,0
IV_4960126_snp,0,1
IV_9051534_snp,0,1
IV_9450111_snp,0,1
IV_9976605_snp,0,1
IV_10848912_snp,1,0
IV_11673421_snp,0,1
IV_11795712_snp,0,1
IV_13197234_snp,1,0
IV_13266587_snp,1,0
IV_15952877_del,1,0
IV_16161225_snp,0,1
IV_17386811_snp,1,0
V_271202_snp,0,1
V_443590_del,1,0
V_1692282_snp,0,1
V_1692283_del,0,1
V_1692290_snp,0,1
V_1692291_snp,0,1
V_1692293_snp,0,1
V_1692299_snp,0,1
V_1692301_ins,0,1
V_1725261_del,0,1
V_3220355_del,0,1
V_3586235_ins,0,1
V_3726906_snp,1,0
V_4369445_snp,0,1
V_4817310_snp,0,1
V_5628653_del,1,0
V_5675365_snp,1,0
V_6048571_snp,1,0
V_8637963_snp,0,1
V_8907446_snp,1,0
V_9129104_snp,1,0
V_10201575_snp,0,1
V_10259687_snp,1,0
V_11057795_snp,0,1
V_11543435_snp,1,0
V_12402917_snp,1,0
V_13163014_snp,0,1
V_14926027_del,0,1
V_15052530_del,1,0
V_16118103_snp,0,1
V_17032498_snp,0,1
V_17040255_ins,1,0
V_17053792_snp,1,0
V_18820919_snp,1,0
V_20128792_snp,0,1
X_102159_del,0,1
X_442090_snp,0,1
X_2150836_del,0,1
X_2523160_del,0,1
X_2711382_snp,1,0
X_3014639_ins,1,0
X_3348199_del,0,1
X_3521877_snp,0,1
X_4982938_ins,0,1
X_5070040_snp,0,1
X_6587421_snp,1,0
X_8057925_snp,1,0
X_9443594_snp,1,0
X_9617370_snp,1,0
X_10196480_snp,1,0
X_10396785_del,1,0
X_10438375_snp,0,1
X_10567235_snp,1,0
X_10924139_del,1,0
X_11700917_snp,0,1
X_13191729_snp,0,1
X_13250092_snp,0,1
X_13338468_ins,1,0
X_13782378_snp,0,1
X_13949638_snp,0,1
X_14262803_ins,0,1
X_14299711_del,1,0
X_15521295_del,1,0
X_15917137_snp,0,1
X_16641070_ins,1,0
X_16696017_snp,0,1
X_17185917_ins,1,0
