,Posterior_mean,Posterior_sd,Posterior_hdi_3%,Posterior_hdi_97%,Bootstrap_mean,Bootstrap_sd,Bootstrap_hdi_3%,Bootstrap_hdi_97%
mut_effects[0],0.008,0.046,-0.082,0.108,0.003027798944010234,0.026373712713157922,-0.047920460055661876,0.05420373012205613
mut_effects[1],-0.007,0.048,-0.11,0.087,-0.011305907697388127,0.02831939306599506,-0.06728538541082851,0.04224842462732983
mut_effects[2],-0.002,0.042,-0.093,0.085,-0.002281534156842642,0.025961483730250964,-0.05279278144789418,0.04790614894140896
mut_effects[3],-0.004,0.045,-0.106,0.083,0.009058463373205511,0.04194057223787103,-0.07196203683159098,0.09204924189160356
mut_effects[4],-0.035,0.058,-0.166,0.049,-0.03461427009016328,0.04971013787718896,-0.1481381726283081,0.04901363055377322
mut_effects[5],-0.009,0.04,-0.099,0.065,-0.02827757759365965,0.03620272017341098,-0.0981950098359665,0.039864058281494565
mut_effects[6],-0.049,0.06,-0.175,0.034,-0.044071741252638116,0.03903294230528441,-0.11705539608540341,0.036401684878566355
mut_effects[7],-0.046,0.059,-0.172,0.036,-0.015082554473782239,0.027988827990101592,-0.07190880055142218,0.040492669696070634
mut_effects[8],0.027,0.06,-0.069,0.162,0.08199367911742324,0.023621120755597063,0.036659545138777165,0.12849338781992045
mut_effects[9],0.038,0.068,-0.063,0.19,0.08334742449310588,0.022504561051195835,0.0392272795937499,0.12808619938992105
mut_effects[10],0.005,0.051,-0.097,0.117,0.07408135824833181,0.022468278802641527,0.03011485435920663,0.11809209353015684
mut_effects[11],-0.043,0.077,-0.209,0.065,0.05373698556284857,0.022430358526014667,0.00996049923182687,0.0980501168665331
mut_effects[12],0.038,0.076,-0.07,0.204,0.08988639004480564,0.022500198373119045,0.04549209667827213,0.13408304810946037
mut_effects[13],-0.001,0.055,-0.117,0.113,0.06718816917044067,0.02380779316814855,0.02035421286683488,0.11497961819420804
mut_effects[14],-0.0,0.052,-0.109,0.107,0.07031657919873172,0.0240079818999165,0.022887938204102797,0.11790879333551199
mut_effects[15],0.055,0.07,-0.039,0.203,0.13160896397473623,0.023912919888621563,0.08556785299419606,0.1787621581367012
mut_effects[16],-0.025,0.065,-0.174,0.081,-0.10717592141805381,0.03087171927281154,-0.1702639228995702,-0.04948919934958218
mut_effects[17],-0.005,0.054,-0.124,0.104,-0.0849868873293468,0.033046692512582965,-0.1523185580391916,-0.02195568239190806
mut_effects[18],-0.027,0.062,-0.168,0.069,0.0753796653597216,0.026191087618457988,0.02349913846787728,0.1265982811108593
mut_effects[19],-0.009,0.048,-0.12,0.082,-0.0899535701141976,0.033409072036099184,-0.1547789200948062,-0.025065035598767965
mut_effects[20],-0.011,0.052,-0.128,0.086,0.06286327430353271,0.02359858630088073,0.01674395740018346,0.10998827945825382
mut_effects[21],-0.028,0.06,-0.164,0.065,-0.09845502110409542,0.024455128094929942,-0.1460041897966368,-0.049759247705722445
mut_effects[22],-0.029,0.054,-0.152,0.053,-0.08467909794310359,0.04431576740066447,-0.16820239808752258,0.004552955109412917
mut_effects[23],0.01,0.05,-0.082,0.123,0.10744470747425455,0.02440324021129054,0.060488415542191386,0.155709563107487
mut_effects[24],0.006,0.05,-0.093,0.114,0.09608931244782873,0.02776508175579543,0.042587627582789556,0.15367436793294112
mut_effects[25],-0.009,0.032,-0.082,0.05,-0.0252151587650496,0.036473254110914365,-0.09620502272474299,0.04885297091799759
mut_effects[26],0.007,0.037,-0.064,0.09,0.014594970182449003,0.044500065409587404,-0.0699938625279131,0.10428362311763298
mut_effects[27],-0.006,0.04,-0.095,0.072,-0.03550988275306834,0.03253008603783196,-0.09623212185409974,0.03162820981982531
mut_effects[28],0.024,0.057,-0.065,0.149,0.04497098829110503,0.031877444505551175,-0.015343056470386005,0.10979764436849151
mut_effects[29],0.015,0.052,-0.08,0.132,-0.017550847019877195,0.030713967049889452,-0.07788065981998794,0.04131883455057847
mut_effects[30],-0.01,0.038,-0.096,0.062,0.03479143370184521,0.03517663902521451,-0.03763055826940021,0.09876593812682297
mut_effects[31],-0.01,0.04,-0.102,0.063,-0.057222925042861854,0.030652570763770905,-0.11721214919631603,0.0011445828734832574
mut_effects[32],-0.004,0.042,-0.094,0.083,-0.06749538082777728,0.030284600228022412,-0.1264641173621901,-0.006446249084274499
mut_effects[33],0.01,0.041,-0.066,0.103,0.09435869809660734,0.02708056749952859,0.042502594578292016,0.1478961932189994
mut_effects[34],0.06,0.083,-0.053,0.237,0.12660560246790933,0.025855522643225208,0.0748489117317724,0.175664486865501
mut_effects[35],-0.043,0.071,-0.201,0.06,-0.12272986184088207,0.024732060544677307,-0.1706085902363873,-0.07375818319835634
mut_effects[36],0.0,0.05,-0.109,0.104,0.08493454258850947,0.035761916290004234,0.018617064098788782,0.15420077236028418
mut_effects[37],0.0,0.051,-0.109,0.105,0.07376511550524749,0.025118663745804647,0.02557016191860461,0.12427488847859988
mut_effects[38],-0.003,0.044,-0.098,0.088,-0.0807748547637664,0.033257711452176354,-0.14563951222145013,-0.013857023296781906
mut_effects[39],-0.007,0.054,-0.126,0.098,0.05511673019409655,0.030405428754281313,-0.0038445641391897747,0.11438656198997006
mut_effects[40],-0.012,0.055,-0.137,0.089,0.05914021200089347,0.025650539865348404,0.010380669152569444,0.11104973763196939
mut_effects[41],0.01,0.057,-0.102,0.135,-0.05883173513469575,0.026146089863805504,-0.10798711704492994,-0.006159325264563556
mut_effects[42],0.016,0.054,-0.08,0.141,-0.010524998853038401,0.042551638216243366,-0.08839547532488402,0.06874893875155952
mut_effects[43],0.012,0.054,-0.095,0.132,0.051073711211808384,0.0562185704758084,-0.07656376699783339,0.1551778567753057
mut_effects[44],0.02,0.045,-0.054,0.122,0.06760430863981252,0.041559807979015394,-0.013711378782552124,0.14795921421782487
mut_effects[45],-0.002,0.031,-0.069,0.061,0.005146298504878118,0.034331050597447024,-0.0602651564265108,0.07466970619891747
mut_effects[46],0.019,0.044,-0.055,0.12,0.0515749694568588,0.046653541413715686,-0.035912450101233076,0.14638370005998677
mut_effects[47],-0.01,0.049,-0.121,0.085,-0.0066680310390201565,0.06225038663546733,-0.13312119839569528,0.11961895879751697
mut_effects[48],0.003,0.04,-0.079,0.089,0.030226442107601628,0.030194226674643738,-0.027729761729575298,0.0894856025219144
mut_effects[49],-0.004,0.039,-0.089,0.074,-0.0006053869854737535,0.027762667848298256,-0.05433507537753158,0.05355161464661753
mut_effects[50],0.032,0.053,-0.048,0.15,0.039062707136409906,0.026856498200865327,-0.013771333780284915,0.09163960796011977
mut_effects[51],0.044,0.061,-0.043,0.177,0.03463000408769869,0.029886171806352325,-0.02538721296853879,0.09307891335124868
mut_effects[52],0.003,0.035,-0.07,0.077,-0.08215466748653241,0.03113254685310987,-0.14296355097856886,-0.022576387860073363
mut_effects[53],-0.024,0.059,-0.156,0.074,0.22177707097783408,0.025298559777062603,0.17157124989593217,0.272261114599365
mut_effects[54],0.001,0.06,-0.12,0.129,-0.25605552189227715,0.022643633232534106,-0.3013645438857998,-0.21176344912219114
mut_effects[55],-0.029,0.076,-0.192,0.087,-0.271801002375709,0.0225506914455884,-0.316232236111154,-0.22895582282619725
mut_effects[56],0.074,0.118,-0.07,0.321,-0.2306704303186733,0.02251731499236281,-0.2744524666717355,-0.18722057449533033
mut_effects[57],-0.037,0.076,-0.208,0.075,0.23300807036471297,0.024002706659988927,0.18654870956684727,0.28015817748450356
mut_effects[58],0.044,0.085,-0.077,0.229,0.2774087150042926,0.023378203479938714,0.232287758281812,0.32525082085015233
mut_effects[59],0.101,0.141,-0.07,0.404,0.30708307814499786,0.0244185435891106,0.2601963754152856,0.3569643563476875
mut_effects[60],-0.13,0.133,-0.393,0.044,-0.31262956166839134,0.022353645810780413,-0.35630428704926637,-0.26955685375392524
mut_effects[61],-0.061,0.101,-0.289,0.073,-0.3071267593905707,0.02255104193480013,-0.35177160916242095,-0.2636821822612421
mut_effects[62],0.038,0.078,-0.08,0.215,0.2986064468756132,0.02349986059010958,0.25380337855147933,0.3448998430728919
mut_effects[63],0.039,0.083,-0.085,0.224,0.3012133947402129,0.022894361735636876,0.25756167301254157,0.3468316329978681
mut_effects[64],-0.053,0.094,-0.261,0.08,-0.30513166048066936,0.023894263265989823,-0.3524636897761524,-0.25872208618804776
mut_effects[65],0.035,0.071,-0.072,0.192,-0.26655339214474916,0.022854079197538065,-0.3114497901883866,-0.22249006009503483
mut_effects[66],-0.001,0.044,-0.097,0.092,0.20224692262806476,0.03841353719834918,0.12755117918048325,0.27952621020714646
mut_effects[67],-0.05,0.071,-0.202,0.049,-0.23890663844351184,0.039390333284004854,-0.3192164056973293,-0.16179250606912848
mut_effects[68],-0.062,0.102,-0.281,0.075,-0.2543310532494466,0.0236734931918739,-0.30190477801901905,-0.20905330162743216
mut_effects[69],-0.058,0.099,-0.276,0.076,-0.2542739348454882,0.023695103910090068,-0.30097350152348834,-0.20856845525842507
mut_effects[70],0.008,0.069,-0.126,0.146,-0.22897816669066837,0.02375262747726868,-0.27619561532819925,-0.1842082853280789
mut_effects[71],-0.024,0.071,-0.187,0.093,-0.2409507074644404,0.02424866743574508,-0.2883740246773347,-0.1935201490454112
mut_effects[72],-0.011,0.056,-0.139,0.091,0.18660108368833578,0.02484370572629224,0.13959449737748975,0.2370893232232011
mut_effects[73],0.049,0.075,-0.053,0.214,-0.14643769348555,0.02564938451370474,-0.19763131868785785,-0.09647395096679828
mut_effects[74],-0.003,0.05,-0.113,0.098,-0.04900756741862963,0.03347995786172907,-0.11376894892034486,0.019114096683672595
mut_effects[75],0.029,0.055,-0.057,0.151,0.01306623754950356,0.03733544830041629,-0.060968912050490195,0.08595324572790387
mut_effects[76],-0.108,0.088,-0.27,0.022,-0.13192204131523394,0.026935748405156244,-0.1854075930865594,-0.08144959058937362
mut_effects[77],0.061,0.075,-0.039,0.219,0.1297432556172594,0.03171388231253129,0.06436244176055553,0.18770056160409193
mut_effects[78],0.024,0.06,-0.071,0.166,0.11932027693157266,0.025318833070944083,0.06873697894230593,0.1672624077091106
mut_effects[79],-0.054,0.085,-0.245,0.065,-0.14978663926965238,0.027451391333017494,-0.2022442625677062,-0.09607529451904658
mut_effects[80],-0.066,0.085,-0.246,0.048,-0.17561099552541476,0.025512776936355692,-0.22371247591848337,-0.12455010669501616
mut_effects[81],-0.036,0.067,-0.186,0.067,-0.15269486503615673,0.02724032300469992,-0.20624575335478856,-0.0991434712067232
mut_effects[82],-0.016,0.047,-0.124,0.065,-0.0685359391321471,0.03540669177432803,-0.13693960456234627,0.002430078470732142
mut_effects[83],-0.006,0.04,-0.094,0.071,-0.056691178573982655,0.02950547879702612,-0.11176452491119472,0.005643403060498725
mut_effects[84],-0.021,0.046,-0.125,0.052,-0.04879820705617194,0.03055534276314943,-0.11311694077834479,0.008238294093496175
mut_effects[85],-0.012,0.045,-0.115,0.07,-0.04219775193737117,0.03887064084160373,-0.11758135496723356,0.03537596652546447
mut_effects[86],0.007,0.041,-0.075,0.1,-0.02158789538590989,0.04553436285608006,-0.10143384794087633,0.07469766744763183
mut_effects[87],0.031,0.051,-0.043,0.146,0.0664654179008685,0.043646474322552906,-0.029650723028336153,0.14568124425529033
mut_effects[88],-0.005,0.049,-0.111,0.097,-0.013015884883179151,0.05718357276655071,-0.11084914605113334,0.10066462785342527
mut_effects[89],0.003,0.036,-0.07,0.083,0.028043742628649636,0.03320294752311286,-0.035383014343675294,0.09750266856829233
mut_effects[90],-0.021,0.048,-0.13,0.057,-0.03670134773902797,0.02499399724817951,-0.08522788363766808,0.01209395003002805
mut_effects[91],-0.022,0.057,-0.15,0.072,0.02063548342923988,0.023023083996470683,-0.023873066652967036,0.06512159682349607
mut_effects[92],-0.003,0.049,-0.106,0.097,0.03846128212406615,0.02303800002316448,-0.0062528244343209895,0.08403175352349446
mut_effects[93],0.031,0.068,-0.073,0.181,0.056626683880941685,0.022611937006262364,0.012439144239925764,0.1008389782091841
mut_effects[94],0.035,0.068,-0.063,0.187,-0.012197030732495097,0.02376130186423301,-0.05957824937075747,0.033860862833756625
mut_effects[95],0.011,0.052,-0.085,0.128,0.036735521260205566,0.024582676790313878,-0.011141491670576766,0.08396669402853899
mut_effects[96],0.01,0.052,-0.089,0.123,0.02950090125898775,0.02469642731745116,-0.01850336590149072,0.07731429276704785
mut_effects[97],0.005,0.046,-0.087,0.102,-0.02825771618772749,0.024242526796623684,-0.07485936249724741,0.01980692725106932
mut_effects[98],-0.024,0.06,-0.153,0.07,-0.05015633494883502,0.029234959541325743,-0.10698434229932596,0.005836880007923677
mut_effects[99],-0.069,0.068,-0.201,0.027,-0.11975945594734995,0.03313614634066577,-0.1873720245529743,-0.05407174560534755
mut_effects[100],0.024,0.05,-0.057,0.135,0.07132089026666721,0.028734520183949504,0.015761492657663027,0.1298340361429832
mut_effects[101],-0.012,0.043,-0.11,0.064,-0.06685963756400992,0.02961220898494568,-0.12245209789490841,-0.006806793775007752
mut_effects[102],0.02,0.05,-0.063,0.134,-0.054589923054825885,0.026050287322001656,-0.10587445559343948,-0.004867820473762141
mut_effects[103],-0.005,0.039,-0.09,0.072,0.033747875945753514,0.03727159200185177,-0.03957487192543287,0.10739313869327878
mut_effects[104],-0.053,0.073,-0.21,0.049,-0.1352671997219485,0.02885446151971584,-0.18793430509543593,-0.0729087716812444
mut_effects[105],0.038,0.07,-0.064,0.189,-0.0708712440288218,0.02420541058690068,-0.11910501355585791,-0.022632015012529982
mut_effects[106],0.004,0.064,-0.118,0.138,-0.09508089266369854,0.024571113521698662,-0.14307280108458859,-0.0458770942260385
mut_effects[107],-0.013,0.062,-0.151,0.103,-0.10094536505745991,0.024392444826696533,-0.14681643923102197,-0.052321096377386925
mut_effects[108],-0.019,0.061,-0.161,0.085,-0.10197036422077263,0.022749107167698027,-0.14755242960994835,-0.057735010091223046
mut_effects[109],-0.024,0.066,-0.177,0.085,-0.10289153447410038,0.024095852060675774,-0.14910891223764278,-0.05505382007010585
mut_effects[110],-0.013,0.066,-0.164,0.11,-0.09232591260910493,0.027177922224487183,-0.14350216958866066,-0.03898581551115738
mut_effects[111],0.009,0.045,-0.077,0.111,-0.05888006632106625,0.03077788646835305,-0.12032182646419645,0.003977670592737427
mut_effects[112],-0.011,0.05,-0.126,0.083,-0.09675248267339813,0.04068354608186235,-0.1663686504537921,-0.011562841875227412
mut_effects[113],-0.032,0.056,-0.157,0.052,-0.10332739586689932,0.0403312359090059,-0.17474238895663544,-0.00990288960484223
mut_effects[114],0.003,0.047,-0.096,0.105,0.07942869850503248,0.03988438428716601,0.007109971733373112,0.1697993528337776
mut_effects[115],0.006,0.048,-0.089,0.113,-0.09791034712992147,0.03313688527306336,-0.17216426778634505,-0.037483942142630074
mut_effects[116],-0.005,0.059,-0.135,0.102,-0.08978642373279173,0.031654703450613914,-0.14800045160115202,-0.024142107106775154
mut_effects[117],0.003,0.051,-0.103,0.111,0.09159417257751774,0.029572549045420626,0.03442968931534495,0.15045086511172237
mut_effects[118],-0.005,0.053,-0.119,0.102,0.08730535659354417,0.025980170855939868,0.03462147976291288,0.13727768615152672
mut_effects[119],0.013,0.051,-0.078,0.125,0.1026875051574382,0.023524075141904764,0.05698686420443072,0.14932308541294884
mut_effects[120],-0.013,0.056,-0.139,0.093,-0.10860640613118341,0.024518006005453005,-0.157302188183505,-0.060663926141249415
mut_effects[121],0.033,0.071,-0.075,0.19,0.11329919265035483,0.02450644022175943,0.06592690073011043,0.16173948411582367
mut_effects[122],0.009,0.052,-0.092,0.124,0.09641784134395597,0.02344590016860785,0.05162584208948226,0.142967549437306
mut_effects[123],-0.037,0.077,-0.205,0.075,-0.0827471823337459,0.02512775061827608,-0.13134995881188488,-0.033461626520813026
mut_effects[124],-0.019,0.063,-0.157,0.091,0.0628527781940609,0.025859740394992354,0.012538313975473551,0.11401064749835818
mut_effects[125],0.018,0.066,-0.1,0.164,-0.06900724363056168,0.02654014062790159,-0.12034687381136909,-0.01564245275689176
mut_effects[126],-0.005,0.055,-0.126,0.104,0.06811454649596763,0.024486811675893293,0.019947516142189762,0.11614987407376252
mut_effects[127],0.039,0.07,-0.062,0.194,0.09273758882403585,0.02297015293616679,0.048034349177351394,0.13776607389612305
mut_effects[128],0.007,0.058,-0.111,0.128,-0.05860993517362912,0.027597971266228056,-0.11145627156227512,-0.0018627821051661142
mut_effects[129],-0.021,0.05,-0.134,0.059,-0.04397019183603757,0.02907131588998902,-0.09998569613952471,0.012659597899266411
mut_effects[130],-0.022,0.055,-0.147,0.069,0.022880652661378616,0.04070144093971955,-0.054632759241740055,0.10395419235150971
mut_effects[131],0.027,0.051,-0.051,0.142,0.036381834700199345,0.025221739641655902,-0.01376525885718662,0.08505548572475036
mut_effects[132],0.049,0.084,-0.061,0.211,0.03229688337152766,0.025311771763205492,-0.018155695666297506,0.08331936132477263
mut_effects[133],0.013,0.046,-0.069,0.118,0.0378396388979628,0.050518699416322484,-0.05513941065707385,0.14308059899007772
mut_effects[134],0.022,0.07,-0.093,0.161,0.00904891154917534,0.025277561895513515,-0.039691987441623555,0.05848378657278056
mut_effects[135],-0.097,0.065,-0.211,0.009,-0.07803253667624488,0.03603144741533376,-0.14803562946781992,-0.009546091692211463
mut_effects[136],0.002,0.035,-0.072,0.076,0.03293596756227439,0.0391714691479633,-0.04671783556569739,0.11252137537571714
mut_effects[137],-0.039,0.059,-0.171,0.045,-0.0220188138595364,0.038046307916230135,-0.10123142662186824,0.04791761554339443
mut_effects[138],-0.011,0.044,-0.112,0.07,0.007926850896037643,0.03685366574947664,-0.0658328284510317,0.07712793177526582
mut_effects[139],-0.014,0.05,-0.129,0.076,-0.00723135372816094,0.04486816230777039,-0.09313477089924385,0.08067610423516201
mut_effects[140],-0.026,0.055,-0.153,0.056,-0.05344100123970636,0.03253395214317752,-0.11457728491220757,0.012267050530430833
mut_effects[141],0.042,0.064,-0.048,0.184,0.042738738547902,0.028607271741587437,-0.012716316320633832,0.09802405209958523
mut_effects[142],-0.009,0.045,-0.113,0.078,-0.07082746331048585,0.03973341483678844,-0.13977464142532353,0.011960401016839728
mut_effects[143],0.026,0.053,-0.059,0.145,0.05918099728835145,0.0411669917690254,-0.020554544346711143,0.13452663470247686
mut_effects[144],0.02,0.049,-0.064,0.13,0.04452752387702752,0.025384513932326606,-0.004991470382475025,0.09329606309401166
mut_effects[145],0.027,0.058,-0.064,0.16,0.09963026089735955,0.024599248940109873,0.05155851033909559,0.14779145619426676
mut_effects[146],0.039,0.063,-0.053,0.176,0.09228205707904394,0.024238700790726462,0.04430339174321963,0.14001688410750687
mut_effects[147],0.003,0.046,-0.094,0.102,-0.061829136345722256,0.02653073606684977,-0.11333362196433593,-0.01063772715934752
mut_effects[148],-0.003,0.046,-0.103,0.091,-0.04706086157061299,0.023271275211326596,-0.09380586711589695,-0.0014985864521254134
mut_effects[149],0.026,0.064,-0.077,0.171,-0.02773767595286093,0.024019793041146088,-0.07658595166412853,0.01787612627856749
mut_effects[150],-0.011,0.058,-0.136,0.096,-0.03830225058064993,0.023633397423720802,-0.08542079442043203,0.006523628543637849
mut_effects[151],-0.002,0.046,-0.1,0.092,-0.029302459425184668,0.024261263515248387,-0.07742986968840236,0.017938292016841634
mut_effects[152],0.015,0.045,-0.064,0.12,0.014015252948850537,0.05270228298136851,-0.09414116211166575,0.11160587608706937
mut_effects[153],0.037,0.063,-0.055,0.176,0.07757601595837316,0.02629142953381744,0.02566289378354777,0.1277367695531049
mut_effects[154],0.016,0.057,-0.086,0.145,-0.02353606511459729,0.023738059279570473,-0.0702484315646513,0.022850226083200625
mut_effects[155],0.003,0.05,-0.101,0.109,-0.04103600467139204,0.02402896671747891,-0.08764598237518605,0.004818742965995076
mut_effects[156],-0.036,0.062,-0.173,0.055,0.029443436287867046,0.026579285000705784,-0.0203233654413592,0.08533393356986284
mut_effects[157],-0.005,0.049,-0.11,0.093,0.0335910010999862,0.023331686675589228,-0.012597131632210237,0.07927041284641836
mut_effects[158],0.041,0.068,-0.056,0.191,0.07593913131498313,0.024465170378594917,0.028711363799086786,0.12374245372711984
mut_effects[159],0.01,0.05,-0.086,0.124,-0.03160243041234483,0.033563534759896964,-0.09730686116918263,0.032646896918543264
mut_effects[160],0.017,0.053,-0.079,0.137,0.08166997380597858,0.02408251552361041,0.033786282728838074,0.12906760962853894
mut_effects[161],0.001,0.046,-0.096,0.098,0.07182694781661796,0.023651541947812806,0.026203907784154965,0.11927264438156601
mut_effects[162],0.08,0.086,-0.034,0.25,0.10283147821670928,0.02581623437935505,0.05475236848499542,0.15597383603772322
mut_effects[163],-0.01,0.053,-0.13,0.09,-0.07988127112121879,0.024769231482590373,-0.13039631504390442,-0.03163793392596883
mut_effects[164],0.011,0.043,-0.071,0.107,-0.016877836375011362,0.04662355783263405,-0.10766975374062826,0.07970791590659208
mut_effects[165],0.026,0.057,-0.063,0.154,0.07132269063063106,0.02533106354897856,0.020675610543596578,0.1194959585639955
mut_effects[166],0.015,0.048,-0.069,0.126,-0.01349618714991791,0.024293953129389388,-0.06090056679724472,0.03286183082845917
mut_effects[167],-0.022,0.054,-0.143,0.066,0.018617265276988707,0.026676401715242576,-0.03074757408020427,0.07216755757762372
mut_effects[168],0.019,0.048,-0.063,0.129,-0.01713255688311865,0.03997191462433696,-0.09320838864795797,0.05874007061775741
